hex_id,habitat,dominant_category,dominant_pct
8729a0820ffffff,Chaparral,Scrub and Chaparral,0.8003369720902069
8729a0824ffffff,Chaparral,Scrub and Chaparral,0.8046947378094004
8729a0825ffffff,Chaparral,Scrub and Chaparral,0.6294456279248076
8729a0826ffffff,Chaparral,Scrub and Chaparral,0.8403739703886127
8729a0835ffffff,Mixed,Scrub and Chaparral,0.47164149551345225
8729a0900ffffff,Chaparral,Scrub and Chaparral,0.5711393937622308
8729a0901ffffff,Chaparral,Scrub and Chaparral,0.8986446041588703
8729a0902ffffff,Chaparral,Scrub and Chaparral,0.893066168167738
8729a0903ffffff,Chaparral,Scrub and Chaparral,0.7308917886348992
8729a0904ffffff,Riparian,"Grasslands, Vernal Pools, Meadows, and Other Herb Communities",0.6386226996062488
8729a0905ffffff,Mixed,Scrub and Chaparral,0.5254495627382689
8729a0906ffffff,Riparian,"Grasslands, Vernal Pools, Meadows, and Other Herb Communities",0.6124894197547733
8729a0908ffffff,Mixed,"Grasslands, Vernal Pools, Meadows, and Other Herb Communities",0.4351286002538798
8729a0909ffffff,Chaparral,Scrub and Chaparral,0.9610885376532112
8729a090affffff,Chaparral,Scrub and Chaparral,0.665380287225842
8729a090bffffff,Chaparral,Scrub and Chaparral,0.9438255091393405
8729a090cffffff,Mixed,"Grasslands, Vernal Pools, Meadows, and Other Herb Communities",0.43202927502733474
8729a090dffffff,Riparian,"Grasslands, Vernal Pools, Meadows, and Other Herb Communities",0.7992603260916441
8729a090effffff,Chaparral,Scrub and Chaparral,0.6505234572618303
8729a0910ffffff,Chaparral,Scrub and Chaparral,0.9058443011882982
8729a0911ffffff,Chaparral,Scrub and Chaparral,0.9011523553898164
8729a0912ffffff,Chaparral,Scrub and Chaparral,0.5623969138405953
8729a0913ffffff,Chaparral,Scrub and Chaparral,0.7664174076321705
8729a0914ffffff,Chaparral,Scrub and Chaparral,0.6581540005405082
8729a0915ffffff,Mixed,Scrub and Chaparral,0.4687149213070482
8729a0916ffffff,Chaparral,Scrub and Chaparral,0.5842075550181517
8729a0918ffffff,Chaparral,Scrub and Chaparral,0.9125787631289277
8729a0919ffffff,Mixed,Scrub and Chaparral,0.5177361883645408
8729a091affffff,Chaparral,Scrub and Chaparral,0.8461451436955502
8729a091bffffff,Chaparral,Scrub and Chaparral,0.8752591832800775
8729a091cffffff,Chaparral,Scrub and Chaparral,0.6236203480671078
8729a091dffffff,Riparian,"Grasslands, Vernal Pools, Meadows, and Other Herb Communities",0.63801254385105
8729a091effffff,Chaparral,Scrub and Chaparral,0.9472112546016082
8729a0920ffffff,Mixed,"Grasslands, Vernal Pools, Meadows, and Other Herb Communities",0.5207276700434518
8729a0921ffffff,Chaparral,Coastal Sage Scrub,0.7434874836116417
8729a0922ffffff,Riparian,"Grasslands, Vernal Pools, Meadows, and Other Herb Communities",0.7368152249135951
8729a0923ffffff,Riparian,"Grasslands, Vernal Pools, Meadows, and Other Herb Communities",0.8070112663453897
8729a0924ffffff,Chaparral,Coastal Sage Scrub,0.8017876329550474
8729a0925ffffff,Chaparral,Coastal Sage Scrub,0.7505864151620151
8729a0926ffffff,Mixed,Coastal Sage Scrub,0.5026021630377453
8729a0928ffffff,Mixed,"Grasslands, Vernal Pools, Meadows, and Other Herb Communities",0.4593484731757412
8729a0929ffffff,Mixed,"Grasslands, Vernal Pools, Meadows, and Other Herb Communities",0.40671788468257875
8729a092affffff,Mixed,"Grasslands, Vernal Pools, Meadows, and Other Herb Communities",0.42846391795862965
8729a092bffffff,Mixed,"Grasslands, Vernal Pools, Meadows, and Other Herb Communities",0.49729448260084436
8729a092cffffff,Chaparral,Coastal Sage Scrub,0.565414367743294
8729a092dffffff,Chaparral,Coastal Sage Scrub,0.8658758314310543
8729a092effffff,Mixed,"Grasslands, Vernal Pools, Meadows, and Other Herb Communities",0.480026705884677
8729a0930ffffff,Mixed,"Grasslands, Vernal Pools, Meadows, and Other Herb Communities",0.5464196638774923
8729a0931ffffff,Riparian,"Grasslands, Vernal Pools, Meadows, and Other Herb Communities",0.8919278318797957
8729a0932ffffff,Mixed,Scrub and Chaparral,0.526559973021112
8729a0933ffffff,Mixed,Woodland,0.43054102150604856
8729a0934ffffff,Riparian,"Grasslands, Vernal Pools, Meadows, and Other Herb Communities",0.8961410501223355
8729a0935ffffff,Riparian,"Grasslands, Vernal Pools, Meadows, and Other Herb Communities",0.8606122909467221
8729a0936ffffff,Mixed,"Grasslands, Vernal Pools, Meadows, and Other Herb Communities",0.42040233743056055
8729a0950ffffff,Chaparral,Coastal Sage Scrub,0.726183021709762
8729a0952ffffff,Chaparral,Coastal Sage Scrub,0.6251008231514237
8729a0954ffffff,Mixed,Scrub and Chaparral,0.3833192742855947
8729a0956ffffff,Mixed,Coastal Sage Scrub,0.5011613007739665
8729a0962ffffff,Chaparral,Coastal Sage Scrub,0.6668588243269369
8729a0966ffffff,Mixed,Agriculture,0.3914991158676969
8729a0970ffffff,Riparian,"Grasslands, Vernal Pools, Meadows, and Other Herb Communities",0.5599582003078295
8729a0971ffffff,Mixed,"Grasslands, Vernal Pools, Meadows, and Other Herb Communities",0.5112422525645746
8729a0972ffffff,Mixed,"Grasslands, Vernal Pools, Meadows, and Other Herb Communities",0.36573469389621
8729a0973ffffff,Riparian,"Grasslands, Vernal Pools, Meadows, and Other Herb Communities",0.6693881442517313
8729a0974ffffff,Mixed,"Grasslands, Vernal Pools, Meadows, and Other Herb Communities",0.4869237187311505
8729a0975ffffff,Mixed,Coastal Sage Scrub,0.47479951302105494
8729a0976ffffff,Mixed,"Grasslands, Vernal Pools, Meadows, and Other Herb Communities",0.5076229615969168
8729a09a0ffffff,Other,Agriculture,0.6014515443380971
8729a09a1ffffff,Chaparral,Scrub and Chaparral,0.6916144298965758
8729a09a2ffffff,Mixed,Scrub and Chaparral,0.40657404547937304
8729a09a3ffffff,Chaparral,Scrub and Chaparral,0.687058610774126
8729a09a4ffffff,Mixed,Scrub and Chaparral,0.4428324743827666
8729a09a5ffffff,Chaparral,Scrub and Chaparral,0.5517629200514028
8729a09a6ffffff,Mixed,Scrub and Chaparral,0.38104870638963984
8729a09a8ffffff,Mixed,Scrub and Chaparral,0.436668862415404
8729a09a9ffffff,Chaparral,Scrub and Chaparral,0.7790079168477813
8729a09acffffff,Mixed,Scrub and Chaparral,0.4245355928571396
8729a09adffffff,Other,Agriculture,0.5883797134810264
8729a09aeffffff,Chaparral,Scrub and Chaparral,0.6925986773428913
8729a09b4ffffff,Chaparral,Scrub and Chaparral,0.5887827740622602
8729a09b5ffffff,Mixed,Scrub and Chaparral,0.4331601658437876
8729a09b6ffffff,Chaparral,Scrub and Chaparral,0.6096706302237915
8729a0d24ffffff,Chaparral,Scrub and Chaparral,0.9784718353558001
8729a0d25ffffff,Chaparral,Scrub and Chaparral,0.7117912710236162
8729a0d26ffffff,Chaparral,Scrub and Chaparral,0.9369542171017109
8729a0d34ffffff,Chaparral,Scrub and Chaparral,0.9749968004882953
8729a4000ffffff,Urban,Disturbed or Developed Areas,0.7960773775765481
8729a4001ffffff,Urban,Disturbed or Developed Areas,0.8923613430869195
8729a4002ffffff,Urban,Disturbed or Developed Areas,0.8054647215648539
8729a4003ffffff,Urban,Disturbed or Developed Areas,0.771293077847091
8729a4004ffffff,Urban,Disturbed or Developed Areas,0.9363230893859501
8729a4005ffffff,Urban,Disturbed or Developed Areas,0.921876524195635
8729a4006ffffff,Urban,Disturbed or Developed Areas,0.8219827715685051
8729a4010ffffff,Urban,Disturbed or Developed Areas,0.808355757286091
8729a4011ffffff,Urban,Disturbed or Developed Areas,0.7835606779319667
8729a4012ffffff,Urban,Disturbed or Developed Areas,0.7069088051669556
8729a4013ffffff,Urban,Disturbed or Developed Areas,0.7470146807223624
8729a4014ffffff,Urban,Disturbed or Developed Areas,0.9918562355858983
8729a4015ffffff,Urban,Disturbed or Developed Areas,0.9271194281073296
8729a4016ffffff,Urban,Disturbed or Developed Areas,0.9060590246074735
8729a4018ffffff,Urban,Disturbed or Developed Areas,0.7499118450630962
8729a4019ffffff,Urban,Disturbed or Developed Areas,0.6994520951403643
8729a401affffff,Urban,Disturbed or Developed Areas,0.808766046623608
8729a401bffffff,Urban,Disturbed or Developed Areas,0.6192445838209157
8729a401cffffff,Urban,Disturbed or Developed Areas,0.8879235257892469
8729a401dffffff,Urban,Disturbed or Developed Areas,0.8707353105781337
8729a401effffff,Urban,Disturbed or Developed Areas,0.6062940859856202
8729a4022ffffff,Riparian,Riparian and Bottomland Habitat,0.7065565484367038
8729a4026ffffff,Urban,Disturbed or Developed Areas,0.7307122592274865
8729a4030ffffff,Urban,Disturbed or Developed Areas,0.7776417761796127
8729a4031ffffff,Urban,Disturbed or Developed Areas,0.6365719505147516
8729a4032ffffff,Urban,Disturbed or Developed Areas,0.8992614770376676
8729a4033ffffff,Urban,Disturbed or Developed Areas,0.7797874331196385
8729a4034ffffff,Urban,Disturbed or Developed Areas,0.8762049870611186
8729a4035ffffff,Urban,Disturbed or Developed Areas,0.652596011671763
8729a4036ffffff,Urban,Disturbed or Developed Areas,0.8869461436895741
8729a4080ffffff,Urban,Disturbed or Developed Areas,0.5894457037272369
8729a4081ffffff,Urban,Disturbed or Developed Areas,0.738501695638029
8729a4082ffffff,Chaparral,Scrub and Chaparral,0.5794136823879484
8729a4083ffffff,Urban,Disturbed or Developed Areas,0.6952389698781722
8729a4084ffffff,Chaparral,Scrub and Chaparral,0.6252714216340309
8729a4085ffffff,Mixed,Disturbed or Developed Areas,0.485131824678161
8729a4086ffffff,Chaparral,Scrub and Chaparral,0.6580890026483629
8729a4088ffffff,Urban,Disturbed or Developed Areas,0.8655401724054099
8729a4089ffffff,Urban,Disturbed or Developed Areas,0.6900111701956664
8729a408affffff,Urban,Disturbed or Developed Areas,0.7675971489311978
8729a408bffffff,Mixed,Disturbed or Developed Areas,0.5279400464906989
8729a408cffffff,Urban,Disturbed or Developed Areas,0.6692695672401855
8729a408dffffff,Urban,Disturbed or Developed Areas,0.6884696181740801
8729a408effffff,Urban,Disturbed or Developed Areas,0.6546385361307382
8729a4090ffffff,Chaparral,Scrub and Chaparral,0.7309892174277636
8729a4091ffffff,Mixed,Scrub and Chaparral,0.4912863409219938
8729a4092ffffff,Chaparral,Scrub and Chaparral,0.5517702354981006
8729a4093ffffff,Mixed,Scrub and Chaparral,0.44482002945904964
8729a4094ffffff,Chaparral,Scrub and Chaparral,0.6534944106461442
8729a4095ffffff,Chaparral,Scrub and Chaparral,0.7793740556615717
8729a4096ffffff,Chaparral,Scrub and Chaparral,0.923787535985545
8729a4098ffffff,Urban,Disturbed or Developed Areas,0.8180369792505175
8729a4099ffffff,Urban,Disturbed or Developed Areas,0.9199188584827812
8729a409affffff,Urban,Disturbed or Developed Areas,0.5695368930947996
8729a409bffffff,Urban,Disturbed or Developed Areas,0.6444409041160868
8729a409cffffff,Urban,Disturbed or Developed Areas,0.769609796234208
8729a409dffffff,Urban,Disturbed or Developed Areas,0.6686706517890675
8729a409effffff,Urban,Disturbed or Developed Areas,0.644824267722234
8729a40a0ffffff,Mixed,Scrub and Chaparral,0.4438614457986366
8729a40a1ffffff,Urban,Disturbed or Developed Areas,0.6381310072837817
8729a40a2ffffff,Chaparral,Scrub and Chaparral,0.6034070911427293
8729a40a3ffffff,Mixed,Scrub and Chaparral,0.44588098145872024
8729a40a4ffffff,Urban,Disturbed or Developed Areas,0.8021038874695835
8729a40a5ffffff,Urban,Disturbed or Developed Areas,0.59514435654661
8729a40a6ffffff,Mixed,Scrub and Chaparral,0.4976636977605718
8729a40a8ffffff,Urban,Disturbed or Developed Areas,0.8591379583127002
8729a40a9ffffff,Urban,Disturbed or Developed Areas,0.7794062240531034
8729a40aaffffff,Urban,Disturbed or Developed Areas,0.8713893532916152
8729a40abffffff,Urban,Disturbed or Developed Areas,0.9536490454391411
8729a40acffffff,Urban,Disturbed or Developed Areas,0.7963672477556057
8729a40adffffff,Urban,Disturbed or Developed Areas,0.8576739042839495
8729a40aeffffff,Urban,Disturbed or Developed Areas,0.6608480991121286
8729a40b0ffffff,Mixed,Scrub and Chaparral,0.4170953758711836
8729a40b1ffffff,Chaparral,Scrub and Chaparral,0.7344496353869835
8729a40b2ffffff,Mixed,Coastal Sage Scrub,0.5308037596284393
8729a40b3ffffff,Mixed,Scrub and Chaparral,0.5134037788360288
8729a40b4ffffff,Urban,Disturbed or Developed Areas,0.6041471122820539
8729a40b5ffffff,Chaparral,Scrub and Chaparral,0.6370194037840563
8729a40b6ffffff,Urban,Disturbed or Developed Areas,0.6908205365127172
8729a40c0ffffff,Urban,Disturbed or Developed Areas,0.8079841938003612
8729a40c1ffffff,Urban,Disturbed or Developed Areas,0.7634791331486279
8729a40c2ffffff,Urban,Disturbed or Developed Areas,0.8302276299897028
8729a40c3ffffff,Urban,Disturbed or Developed Areas,0.7365684718474843
8729a40c4ffffff,Mixed,Disturbed or Developed Areas,0.4987609957083589
8729a40c5ffffff,Urban,Disturbed or Developed Areas,0.7712989092129364
8729a40c6ffffff,Urban,Disturbed or Developed Areas,0.6853698151838028
8729a40c8ffffff,Urban,Disturbed or Developed Areas,0.9867938022996667
8729a40caffffff,Urban,Disturbed or Developed Areas,0.9532280161894431
8729a40cbffffff,Urban,Disturbed or Developed Areas,0.747378753920992
8729a40ceffffff,Urban,Disturbed or Developed Areas,0.7456927868256077
8729a40d0ffffff,Urban,Disturbed or Developed Areas,0.6453447882504422
8729a40d1ffffff,Urban,Disturbed or Developed Areas,0.8113385490059292
8729a40d2ffffff,Urban,Disturbed or Developed Areas,0.7513163026707443
8729a40d3ffffff,Urban,Disturbed or Developed Areas,0.744189895378761
8729a40d4ffffff,Urban,Disturbed or Developed Areas,0.7723057893242996
8729a40d5ffffff,Urban,Disturbed or Developed Areas,0.8167776851622617
8729a40d6ffffff,Urban,Disturbed or Developed Areas,0.6327658080671261
8729a40d8ffffff,Urban,Disturbed or Developed Areas,0.7701637507372605
8729a40d9ffffff,Urban,Disturbed or Developed Areas,0.9099896894764884
8729a40daffffff,Urban,Disturbed or Developed Areas,0.6457787836001692
8729a40dbffffff,Urban,Disturbed or Developed Areas,0.7023556526304376
8729a40dcffffff,Urban,Disturbed or Developed Areas,0.84865078766386
8729a40ddffffff,Urban,Disturbed or Developed Areas,0.7982776324435273
8729a40deffffff,Urban,Disturbed or Developed Areas,0.6811801805390701
8729a40e2ffffff,Urban,Disturbed or Developed Areas,0.8842430285907611
8729a40e3ffffff,Urban,Disturbed or Developed Areas,0.7459659549758334
8729a40e6ffffff,Mixed,Disturbed or Developed Areas,0.5331501003196242
8729a40f0ffffff,Urban,Disturbed or Developed Areas,0.5951246084593
8729a40f1ffffff,Urban,Disturbed or Developed Areas,0.8930425432910096
8729a40f2ffffff,Urban,Disturbed or Developed Areas,0.5657128140818712
8729a40f3ffffff,Urban,Disturbed or Developed Areas,0.8057533577368945
8729a40f4ffffff,Mixed,Disturbed or Developed Areas,0.5248747376227942
8729a40f5ffffff,Urban,Disturbed or Developed Areas,0.5656431592443072
8729a40f6ffffff,Urban,Disturbed or Developed Areas,0.5930550499042337
8729a4102ffffff,Riparian,Riparian and Bottomland Habitat,0.9993515328703025
8729a4103ffffff,Mixed,Riparian and Bottomland Habitat,0.5041298199619507
8729a4110ffffff,Riparian,Riparian and Bottomland Habitat,0.6662975567222509
8729a4111ffffff,Urban,Disturbed or Developed Areas,0.8406981693097259
8729a4112ffffff,Mixed,Riparian and Bottomland Habitat,0.5285941903361874
8729a4113ffffff,Urban,Disturbed or Developed Areas,0.5605499108047515
8729a4116ffffff,Riparian,Riparian and Bottomland Habitat,1.0
8729a4118ffffff,Riparian,Riparian and Bottomland Habitat,0.6389392664514982
8729a4119ffffff,Urban,Disturbed or Developed Areas,0.9855708687100107
8729a411affffff,Urban,Disturbed or Developed Areas,0.8411902383637302
8729a411bffffff,Urban,Disturbed or Developed Areas,0.9688503822120066
8729a411cffffff,Urban,Disturbed or Developed Areas,0.9459872886865048
8729a411dffffff,Mixed,Riparian and Bottomland Habitat,0.48329083613549234
8729a411effffff,Riparian,Riparian and Bottomland Habitat,0.5927238249632257
8729a4180ffffff,Urban,Disturbed or Developed Areas,0.9041986541088413
8729a4181ffffff,Urban,Disturbed or Developed Areas,0.8881964260699811
8729a4182ffffff,Urban,Disturbed or Developed Areas,0.9748694360490733
8729a4183ffffff,Urban,Disturbed or Developed Areas,0.9171530575660508
8729a4184ffffff,Urban,Disturbed or Developed Areas,0.9257875239171693
8729a4185ffffff,Urban,Disturbed or Developed Areas,0.918375339395348
8729a4186ffffff,Urban,Disturbed or Developed Areas,0.9880311313334448
8729a4188ffffff,Urban,Disturbed or Developed Areas,0.8014833125691522
8729a4189ffffff,Urban,Disturbed or Developed Areas,0.8597777888090538
8729a418affffff,Urban,Disturbed or Developed Areas,0.7411654766810919
8729a418bffffff,Urban,Disturbed or Developed Areas,0.8113460708795349
8729a418cffffff,Urban,Disturbed or Developed Areas,0.7953352130350457
8729a418dffffff,Urban,Disturbed or Developed Areas,0.8474934014308165
8729a418effffff,Urban,Disturbed or Developed Areas,0.8103185392419509
8729a4190ffffff,Urban,Disturbed or Developed Areas,0.9834465742252972
8729a4191ffffff,Urban,Disturbed or Developed Areas,1.0
8729a4192ffffff,Urban,Disturbed or Developed Areas,0.9862021000584218
8729a4193ffffff,Urban,Disturbed or Developed Areas,0.9939999544418053
8729a4194ffffff,Urban,Disturbed or Developed Areas,0.8872387006509673
8729a4195ffffff,Urban,Disturbed or Developed Areas,0.907634901034725
8729a4196ffffff,Urban,Disturbed or Developed Areas,0.9834632836445165
8729a4198ffffff,Urban,Disturbed or Developed Areas,0.679457919306829
8729a4199ffffff,Mixed,Disturbed or Developed Areas,0.38684856475603985
8729a419affffff,Mixed,Scrub and Chaparral,0.45554487751339845
8729a419bffffff,Mixed,Coastal Sage Scrub,0.4426506777729895
8729a419cffffff,Urban,Disturbed or Developed Areas,0.8171407621879156
8729a419dffffff,Urban,Disturbed or Developed Areas,0.8407761456029652
8729a419effffff,Urban,Disturbed or Developed Areas,0.9969957295464446
8729a41a0ffffff,Urban,Disturbed or Developed Areas,0.9989048552251514
8729a41a1ffffff,Urban,Disturbed or Developed Areas,0.9987510780823183
8729a41a2ffffff,Urban,Disturbed or Developed Areas,0.966196168310496
8729a41a3ffffff,Urban,Disturbed or Developed Areas,0.9541421440450987
8729a41a4ffffff,Urban,Disturbed or Developed Areas,0.9691025986336848
8729a41a5ffffff,Urban,Disturbed or Developed Areas,0.8477794200163792
8729a41a6ffffff,Urban,Disturbed or Developed Areas,0.934941286583887
8729a41a8ffffff,Urban,Disturbed or Developed Areas,0.8836169856809225
8729a41a9ffffff,Urban,Disturbed or Developed Areas,0.8906226743896979
8729a41aaffffff,Urban,Disturbed or Developed Areas,0.973921021790671
8729a41abffffff,Urban,Disturbed or Developed Areas,0.9197057103521837
8729a41acffffff,Urban,Disturbed or Developed Areas,0.9773634659060053
8729a41adffffff,Urban,Disturbed or Developed Areas,0.9484587923991188
8729a41aeffffff,Urban,Disturbed or Developed Areas,0.9027479778632679
8729a41b0ffffff,Urban,Disturbed or Developed Areas,0.9111202379831884
8729a41b1ffffff,Urban,Disturbed or Developed Areas,0.9650112432119607
8729a41b2ffffff,Urban,Disturbed or Developed Areas,0.8206234763111686
8729a41b3ffffff,Urban,Disturbed or Developed Areas,0.9778468824479346
8729a41b4ffffff,Urban,Disturbed or Developed Areas,0.7809777361611927
8729a41b5ffffff,Urban,Disturbed or Developed Areas,0.9576865469440716
8729a41b6ffffff,Mixed,Riparian and Bottomland Habitat,0.38114043570760997
8729a4280ffffff,Mixed,Bog and Marsh,0.34966692775617436
8729a4282ffffff,Chaparral,Coastal Sage Scrub,0.5798845005102021
8729a4283ffffff,Mixed,Coastal Sage Scrub,0.3115000656997966
8729a4286ffffff,Urban,Disturbed or Developed Areas,0.6132883767939457
8729a428affffff,Riparian,"Grasslands, Vernal Pools, Meadows, and Other Herb Communities",0.7511413805463578
8729a428bffffff,Mixed,"Grasslands, Vernal Pools, Meadows, and Other Herb Communities",0.5165335205212049
8729a428effffff,Riparian,"Grasslands, Vernal Pools, Meadows, and Other Herb Communities",0.5565515286657833
8729a4290ffffff,Mixed,"Grasslands, Vernal Pools, Meadows, and Other Herb Communities",0.44322850302944916
8729a4291ffffff,Riparian,"Grasslands, Vernal Pools, Meadows, and Other Herb Communities",0.632852600233863
8729a4292ffffff,Urban,Disturbed or Developed Areas,0.6568264635249668
8729a4293ffffff,Riparian,"Grasslands, Vernal Pools, Meadows, and Other Herb Communities",0.6886025931340344
8729a4294ffffff,Urban,Disturbed or Developed Areas,0.7915275383584731
8729a4295ffffff,Mixed,"Grasslands, Vernal Pools, Meadows, and Other Herb Communities",0.4039475550023498
8729a4296ffffff,Urban,Disturbed or Developed Areas,0.8501713872049304
8729a4298ffffff,Mixed,Coastal Sage Scrub,0.4770965183932661
8729a4299ffffff,Chaparral,Coastal Sage Scrub,0.8957569810580853
8729a429affffff,Mixed,Disturbed or Developed Areas,0.39983472383727353
8729a429bffffff,Riparian,"Grasslands, Vernal Pools, Meadows, and Other Herb Communities",0.6484934167280563
8729a429cffffff,Mixed,Coastal Sage Scrub,0.5273514122587702
8729a429dffffff,Mixed,"Grasslands, Vernal Pools, Meadows, and Other Herb Communities",0.506310009926546
8729a429effffff,Riparian,"Grasslands, Vernal Pools, Meadows, and Other Herb Communities",0.6887115694917246
8729a42b0ffffff,Urban,Disturbed or Developed Areas,0.9409561165792092
8729a42b1ffffff,Urban,Disturbed or Developed Areas,0.8264309671711243
8729a42b2ffffff,Urban,Disturbed or Developed Areas,0.7852620478407496
8729a42b3ffffff,Urban,Disturbed or Developed Areas,0.8421972159338856
8729a42b6ffffff,Urban,Disturbed or Developed Areas,0.8343845535444967
8729a42d2ffffff,Chaparral,Coastal Sage Scrub,0.7700742948154211
8729a42d3ffffff,Chaparral,Coastal Sage Scrub,0.8831582014757337
8729a42d6ffffff,Mixed,Coastal Sage Scrub,0.41754823239596717
8729a42daffffff,Chaparral,Coastal Sage Scrub,0.801977713774712
8729a42dbffffff,Chaparral,Coastal Sage Scrub,0.7515698611884394
8729a42deffffff,Chaparral,Coastal Sage Scrub,0.826581703001933
8729a4392ffffff,Urban,Disturbed or Developed Areas,0.7381476769813026
8729a4400ffffff,Chaparral,Scrub and Chaparral,0.9261000532332816
8729a4401ffffff,Chaparral,Scrub and Chaparral,0.5801475902063294
8729a4402ffffff,Chaparral,Scrub and Chaparral,0.9010001044901154
8729a4403ffffff,Chaparral,Scrub and Chaparral,0.8687270252391832
8729a4404ffffff,Chaparral,Scrub and Chaparral,0.9313193782623765
8729a4405ffffff,Chaparral,Scrub and Chaparral,0.7894242205036087
8729a4406ffffff,Chaparral,Scrub and Chaparral,0.9242563333550052
8729a4408ffffff,Chaparral,Scrub and Chaparral,0.7306921050170685
8729a4409ffffff,Chaparral,Scrub and Chaparral,0.8711953351907625
8729a440affffff,Chaparral,Scrub and Chaparral,0.7526425574406399
8729a440bffffff,Chaparral,Scrub and Chaparral,0.8064198870728375
8729a440cffffff,Mixed,Coastal Sage Scrub,0.5131935365879543
8729a440dffffff,Chaparral,Scrub and Chaparral,0.9054724040525308
8729a440effffff,Mixed,Scrub and Chaparral,0.5102605783764443
8729a4410ffffff,Chaparral,Scrub and Chaparral,0.8986691550952386
8729a4411ffffff,Chaparral,Scrub and Chaparral,0.9037076661082379
8729a4412ffffff,Chaparral,Scrub and Chaparral,0.7667263238720626
8729a4413ffffff,Chaparral,Scrub and Chaparral,0.6691954017953831
8729a4414ffffff,Chaparral,Scrub and Chaparral,0.8716839187724827
8729a4415ffffff,Chaparral,Scrub and Chaparral,0.9438904338268462
8729a4416ffffff,Chaparral,Scrub and Chaparral,0.8724123583712974
8729a4418ffffff,Chaparral,Scrub and Chaparral,0.8306674903223649
8729a4419ffffff,Chaparral,Scrub and Chaparral,0.6730416016960398
8729a441affffff,Chaparral,Scrub and Chaparral,0.6202374092361437
8729a441bffffff,Mixed,Coastal Sage Scrub,0.4362299647706836
8729a441cffffff,Chaparral,Scrub and Chaparral,0.8942790749755987
8729a441dffffff,Chaparral,Scrub and Chaparral,0.7580388183476182
8729a441effffff,Chaparral,Scrub and Chaparral,0.738318141846873
8729a4420ffffff,Chaparral,Scrub and Chaparral,0.7043160789085144
8729a4421ffffff,Chaparral,Scrub and Chaparral,0.9147754389667412
8729a4422ffffff,Chaparral,Scrub and Chaparral,0.9397113884045668
8729a4423ffffff,Chaparral,Scrub and Chaparral,0.7504721668703948
8729a4424ffffff,Urban,Disturbed or Developed Areas,0.6513292352639107
8729a4425ffffff,Mixed,Disturbed or Developed Areas,0.48893622643921375
8729a4426ffffff,Chaparral,Scrub and Chaparral,0.982168493460521
8729a4428ffffff,Chaparral,Coastal Sage Scrub,0.7887044063138868
8729a4429ffffff,Chaparral,Scrub and Chaparral,0.9921207451441018
8729a442affffff,Mixed,Coastal Sage Scrub,0.5286642068235323
8729a442bffffff,Chaparral,Scrub and Chaparral,0.7577579050900257
8729a442cffffff,Chaparral,Coastal Sage Scrub,0.8698595426360414
8729a442dffffff,Chaparral,Coastal Sage Scrub,0.5680899808269627
8729a442effffff,Mixed,Coastal Sage Scrub,0.40549677820644
8729a4430ffffff,Chaparral,Scrub and Chaparral,0.9572658946837594
8729a4431ffffff,Chaparral,Scrub and Chaparral,0.9152831957794438
8729a4432ffffff,Chaparral,Scrub and Chaparral,0.8727951502567723
8729a4433ffffff,Chaparral,Scrub and Chaparral,0.9385281009067814
8729a4434ffffff,Chaparral,Scrub and Chaparral,0.5671679906300914
8729a4435ffffff,Chaparral,Scrub and Chaparral,0.7228863714368737
8729a4436ffffff,Chaparral,Scrub and Chaparral,0.8951031554391036
8729a4440ffffff,Mixed,Scrub and Chaparral,0.46811279428251834
8729a4441ffffff,Urban,Disturbed or Developed Areas,0.5811918247799829
8729a4442ffffff,Mixed,Disturbed or Developed Areas,0.483242955666153
8729a4443ffffff,Mixed,"Grasslands, Vernal Pools, Meadows, and Other Herb Communities",0.5214874237592018
8729a4444ffffff,Chaparral,Scrub and Chaparral,0.7719458035168539
8729a4445ffffff,Chaparral,Scrub and Chaparral,0.7413188465318494
8729a4446ffffff,Chaparral,Scrub and Chaparral,0.6680466408804794
8729a4448ffffff,Mixed,"Grasslands, Vernal Pools, Meadows, and Other Herb Communities",0.4425857498880242
8729a4449ffffff,Mixed,Scrub and Chaparral,0.5151719475547001
8729a444affffff,Mixed,"Grasslands, Vernal Pools, Meadows, and Other Herb Communities",0.32114065430525834
8729a444bffffff,Mixed,Coastal Sage Scrub,0.4937245336857632
8729a444cffffff,Urban,Disturbed or Developed Areas,0.6765259694192209
8729a444dffffff,Mixed,Disturbed or Developed Areas,0.32592619887486884
8729a444effffff,Riparian,"Grasslands, Vernal Pools, Meadows, and Other Herb Communities",0.7447730892647898
8729a4450ffffff,Mixed,Disturbed or Developed Areas,0.3547532244596793
8729a4451ffffff,Urban,Disturbed or Developed Areas,0.6595986849052181
8729a4452ffffff,Mixed,Scrub and Chaparral,0.4653801781164099
8729a4453ffffff,Mixed,Disturbed or Developed Areas,0.35430053685862806
8729a4454ffffff,Chaparral,Scrub and Chaparral,0.781488081428114
8729a4455ffffff,Mixed,Scrub and Chaparral,0.5075690111570986
8729a4456ffffff,Mixed,Scrub and Chaparral,0.45632433126974764
8729a4458ffffff,Urban,Disturbed or Developed Areas,0.8137360863842545
8729a4459ffffff,Mixed,Scrub and Chaparral,0.30739333261091645
8729a445affffff,Urban,Disturbed or Developed Areas,0.5810541580875441
8729a445bffffff,Mixed,Disturbed or Developed Areas,0.43176772025428034
8729a445cffffff,Urban,Disturbed or Developed Areas,0.9016597660784844
8729a445dffffff,Urban,Disturbed or Developed Areas,0.6056893640101327
8729a445effffff,Urban,Disturbed or Developed Areas,0.735125364512381
8729a4460ffffff,Chaparral,Scrub and Chaparral,0.8561863003944158
8729a4461ffffff,Chaparral,Scrub and Chaparral,0.975294793743466
8729a4462ffffff,Chaparral,Scrub and Chaparral,0.899644640684082
8729a4463ffffff,Chaparral,Scrub and Chaparral,0.763477068765019
8729a4464ffffff,Mixed,Scrub and Chaparral,0.486192234000278
8729a4465ffffff,Chaparral,Scrub and Chaparral,0.8185529265977025
8729a4466ffffff,Chaparral,Scrub and Chaparral,0.7285191707466133
8729a4468ffffff,Chaparral,Scrub and Chaparral,0.6550351355699303
8729a4469ffffff,Chaparral,Scrub and Chaparral,0.6132924396621262
8729a446affffff,Chaparral,Scrub and Chaparral,0.7329373509224234
8729a446bffffff,Chaparral,Scrub and Chaparral,0.6988437804410877
8729a446cffffff,Mixed,Coastal Sage Scrub,0.4599549937389671
8729a446dffffff,Chaparral,Coastal Sage Scrub,0.6576993396908403
8729a446effffff,Chaparral,Scrub and Chaparral,0.9873609533150958
8729a4470ffffff,Chaparral,Scrub and Chaparral,0.5759216906506609
8729a4471ffffff,Chaparral,Scrub and Chaparral,0.8419034168841967
8729a4472ffffff,Chaparral,Scrub and Chaparral,0.7963585934976837
8729a4473ffffff,Chaparral,Scrub and Chaparral,0.868738996625048
8729a4474ffffff,Chaparral,Scrub and Chaparral,0.6781606012502797
8729a4475ffffff,Mixed,Scrub and Chaparral,0.4633056694050147
8729a4476ffffff,Chaparral,Scrub and Chaparral,0.8053270936717506
8729a4480ffffff,Riparian,"Grasslands, Vernal Pools, Meadows, and Other Herb Communities",0.6547754489736073
8729a4481ffffff,Other,Forest,0.9205111448309887
8729a4482ffffff,Chaparral,Scrub and Chaparral,0.944498852950967
8729a4483ffffff,Mixed,Forest,0.5474409499202053
8729a4484ffffff,Riparian,"Grasslands, Vernal Pools, Meadows, and Other Herb Communities",0.767792636329471
8729a4485ffffff,Other,Forest,0.5930867524923906
8729a4486ffffff,Chaparral,Scrub and Chaparral,0.8028917078889101
8729a4488ffffff,Other,Forest,0.672283184602847
8729a4489ffffff,Mixed,Woodland,0.43958473846246743
8729a448affffff,Other,Forest,0.7394800534414645
8729a448bffffff,Other,Forest,0.6141791475609328
8729a448cffffff,Other,Forest,0.7561720996032919
8729a448dffffff,Mixed,Forest,0.5100538022708437
8729a448effffff,Other,Forest,0.7746184777741028
8729a4490ffffff,Chaparral,Scrub and Chaparral,0.9881774399744135
8729a4491ffffff,Chaparral,Scrub and Chaparral,0.997203987229341
8729a4492ffffff,Chaparral,Scrub and Chaparral,0.7577682105333813
8729a4493ffffff,Chaparral,Scrub and Chaparral,0.9996097040046019
8729a4494ffffff,Chaparral,Scrub and Chaparral,0.9798244751150949
8729a4495ffffff,Chaparral,Scrub and Chaparral,0.9771092997065033
8729a4496ffffff,Chaparral,Scrub and Chaparral,0.9304101241911482
8729a4498ffffff,Chaparral,Scrub and Chaparral,0.9354346530893343
8729a4499ffffff,Chaparral,Scrub and Chaparral,0.830118483414683
8729a449affffff,Chaparral,Scrub and Chaparral,0.8798581422060466
8729a449bffffff,Chaparral,Scrub and Chaparral,0.7064361153644215
8729a449cffffff,Chaparral,Scrub and Chaparral,0.9716463204285783
8729a449dffffff,Chaparral,Scrub and Chaparral,0.6668232958715978
8729a449effffff,Chaparral,Scrub and Chaparral,0.9917220228342741
8729a44a0ffffff,Other,Forest,0.7689814967956793
8729a44a1ffffff,Chaparral,Scrub and Chaparral,0.6594739874646455
8729a44a2ffffff,Chaparral,Scrub and Chaparral,0.826325891899792
8729a44a3ffffff,Mixed,Forest,0.45130955403881906
8729a44a4ffffff,Mixed,Scrub and Chaparral,0.5078554936517116
8729a44a5ffffff,Chaparral,Scrub and Chaparral,0.8124383497890638
8729a44a6ffffff,Mixed,Scrub and Chaparral,0.4222806012001628
8729a44a8ffffff,Other,Forest,0.6536778977339539
8729a44a9ffffff,Mixed,Coastal Sage Scrub,0.33726585363607714
8729a44aaffffff,Other,Forest,0.7500670061128806
8729a44abffffff,Other,Forest,0.6218850008658459
8729a44acffffff,Mixed,Scrub and Chaparral,0.48641974413414213
8729a44adffffff,Mixed,Woodland,0.46169439532360523
8729a44aeffffff,Other,Forest,0.8442150066756502
8729a44b0ffffff,Chaparral,Scrub and Chaparral,0.7857554826012522
8729a44b1ffffff,Chaparral,Scrub and Chaparral,0.8821943926539568
8729a44b2ffffff,Chaparral,Scrub and Chaparral,0.9817683146230544
8729a44b3ffffff,Chaparral,Scrub and Chaparral,0.9404037763317976
8729a44b4ffffff,Chaparral,Scrub and Chaparral,0.6692438916789781
8729a44b5ffffff,Chaparral,Scrub and Chaparral,0.8280269566569439
8729a44b6ffffff,Chaparral,Scrub and Chaparral,0.9006970059043209
8729a44c0ffffff,Mixed,Scrub and Chaparral,0.5162468104063062
8729a44c1ffffff,Chaparral,Scrub and Chaparral,0.7181220873941855
8729a44c2ffffff,Mixed,Scrub and Chaparral,0.48773252067730566
8729a44c3ffffff,Chaparral,Scrub and Chaparral,0.8404066558550847
8729a44c4ffffff,Mixed,Scrub and Chaparral,0.4591136389915876
8729a44c5ffffff,Mixed,"Grasslands, Vernal Pools, Meadows, and Other Herb Communities",0.3627731391871381
8729a44c6ffffff,Mixed,Coastal Sage Scrub,0.33244768350629034
8729a44c8ffffff,Chaparral,Scrub and Chaparral,0.6918628698211354
8729a44c9ffffff,Chaparral,Scrub and Chaparral,0.8155556567003304
8729a44caffffff,Mixed,Woodland,0.5349687022317061
8729a44cbffffff,Other,Woodland,0.5527281113864151
8729a44ccffffff,Mixed,Scrub and Chaparral,0.40323768745318356
8729a44cdffffff,Chaparral,Scrub and Chaparral,0.8124022511959558
8729a44ceffffff,Chaparral,Scrub and Chaparral,0.7178545461508771
8729a44d0ffffff,Other,Woodland,0.6452258472850351
8729a44d1ffffff,Riparian,"Grasslands, Vernal Pools, Meadows, and Other Herb Communities",0.6906393415199742
8729a44d2ffffff,Mixed,"Grasslands, Vernal Pools, Meadows, and Other Herb Communities",0.36109270424095896
8729a44d3ffffff,Other,Woodland,0.692149015761635
8729a44d4ffffff,Mixed,Woodland,0.5441227926020253
8729a44d5ffffff,Mixed,Scrub and Chaparral,0.4036746239161137
8729a44d6ffffff,Mixed,Woodland,0.3555857632766687
8729a44d8ffffff,Other,Woodland,0.7054383659739253
8729a44d9ffffff,Mixed,"Grasslands, Vernal Pools, Meadows, and Other Herb Communities",0.5164405300485541
8729a44daffffff,Other,Woodland,0.5644806427983833
8729a44dbffffff,Other,Woodland,0.6847986394814116
8729a44dcffffff,Mixed,Woodland,0.45227704263134005
8729a44ddffffff,Chaparral,Scrub and Chaparral,0.5782827915715397
8729a44deffffff,Riparian,"Grasslands, Vernal Pools, Meadows, and Other Herb Communities",0.6464684753843709
8729a44e0ffffff,Chaparral,Scrub and Chaparral,0.6775915200010475
8729a44e1ffffff,Chaparral,Scrub and Chaparral,0.8622030508045636
8729a44e2ffffff,Chaparral,Coastal Sage Scrub,0.7622601027780228
8729a44e3ffffff,Mixed,Scrub and Chaparral,0.4433841516332286
8729a44e4ffffff,Chaparral,Scrub and Chaparral,0.7302227489522636
8729a44e5ffffff,Chaparral,Scrub and Chaparral,0.6245443331828459
8729a44e6ffffff,Chaparral,Coastal Sage Scrub,0.7212497007606931
8729a44e8ffffff,Mixed,Scrub and Chaparral,0.3078192147049222
8729a44e9ffffff,Chaparral,Scrub and Chaparral,0.6391769123701744
8729a44eaffffff,Mixed,"Grasslands, Vernal Pools, Meadows, and Other Herb Communities",0.31383616951346277
8729a44ebffffff,Mixed,"Grasslands, Vernal Pools, Meadows, and Other Herb Communities",0.4003671620830036
8729a44ecffffff,Chaparral,Scrub and Chaparral,0.7362839614818523
8729a44edffffff,Chaparral,Scrub and Chaparral,0.5698766196064723
8729a44eeffffff,Chaparral,Scrub and Chaparral,0.597133335491388
8729a44f0ffffff,Other,Woodland,0.7239178969099594
8729a44f1ffffff,Mixed,Coastal Sage Scrub,0.4655733941036559
8729a44f2ffffff,Other,Woodland,0.7460664819847737
8729a44f3ffffff,Mixed,Scrub and Chaparral,0.4409170278069307
8729a44f4ffffff,Mixed,Scrub and Chaparral,0.4402256818711078
8729a44f5ffffff,Chaparral,Coastal Sage Scrub,0.6679512625828091
8729a44f6ffffff,Other,Woodland,0.6205982184189289
8729a4500ffffff,Chaparral,Scrub and Chaparral,0.8367718307125802
8729a4501ffffff,Chaparral,Scrub and Chaparral,0.8752999209428872
8729a4502ffffff,Chaparral,Scrub and Chaparral,0.783771096604996
8729a4503ffffff,Chaparral,Scrub and Chaparral,0.818928043295598
8729a4504ffffff,Chaparral,Scrub and Chaparral,0.8962965697833186
8729a4505ffffff,Chaparral,Scrub and Chaparral,0.7105715880614225
8729a4506ffffff,Chaparral,Scrub and Chaparral,0.9804672718006439
8729a4508ffffff,Chaparral,Scrub and Chaparral,0.6396201972547103
8729a4509ffffff,Mixed,Disturbed or Developed Areas,0.4101590505610256
8729a450affffff,Mixed,Disturbed or Developed Areas,0.3878411848351821
8729a450bffffff,Urban,Disturbed or Developed Areas,0.7465238391849258
8729a450cffffff,Chaparral,Scrub and Chaparral,0.8171282845741825
8729a450dffffff,Chaparral,Scrub and Chaparral,0.8388960620520531
8729a450effffff,Chaparral,Scrub and Chaparral,0.858129374102131
8729a4510ffffff,Chaparral,Scrub and Chaparral,0.9297840087920108
8729a4511ffffff,Chaparral,Scrub and Chaparral,0.8061713917952995
8729a4512ffffff,Chaparral,Scrub and Chaparral,0.9001048025781314
8729a4513ffffff,Chaparral,Scrub and Chaparral,0.6637860951064182
8729a4514ffffff,Chaparral,Scrub and Chaparral,0.8842183095548442
8729a4515ffffff,Chaparral,Scrub and Chaparral,0.7040928165847672
8729a4516ffffff,Chaparral,Scrub and Chaparral,0.9570461473941564
8729a4518ffffff,Chaparral,Scrub and Chaparral,0.9157212008003605
8729a4519ffffff,Chaparral,Scrub and Chaparral,0.626505334039947
8729a451affffff,Chaparral,Scrub and Chaparral,0.8845624612264292
8729a451bffffff,Mixed,Scrub and Chaparral,0.49055889676761794
8729a451cffffff,Chaparral,Scrub and Chaparral,0.9413108731018547
8729a451dffffff,Chaparral,Scrub and Chaparral,0.8915626287014258
8729a451effffff,Chaparral,Scrub and Chaparral,0.8056574299219692
8729a4520ffffff,Chaparral,Scrub and Chaparral,0.6297871888117861
8729a4521ffffff,Chaparral,Scrub and Chaparral,0.6173251280921956
8729a4522ffffff,Chaparral,Scrub and Chaparral,0.9054806539686165
8729a4523ffffff,Chaparral,Scrub and Chaparral,0.6214838457302019
8729a4524ffffff,Chaparral,Scrub and Chaparral,0.7114303023359545
8729a4525ffffff,Chaparral,Scrub and Chaparral,0.6387895521564552
8729a4526ffffff,Chaparral,Scrub and Chaparral,0.7785017335624909
8729a4528ffffff,Chaparral,Scrub and Chaparral,0.7402483295108565
8729a4529ffffff,Chaparral,Scrub and Chaparral,0.8983396601350875
8729a452affffff,Chaparral,Scrub and Chaparral,0.7986284244711228
8729a452bffffff,Chaparral,Scrub and Chaparral,0.8672081670813072
8729a452cffffff,Chaparral,Scrub and Chaparral,0.5772410488903869
8729a452dffffff,Chaparral,Scrub and Chaparral,0.6370517310052697
8729a452effffff,Chaparral,Scrub and Chaparral,0.7485855521457806
8729a4530ffffff,Chaparral,Scrub and Chaparral,0.8306817822575229
8729a4531ffffff,Chaparral,Scrub and Chaparral,0.7554601636815143
8729a4532ffffff,Chaparral,Scrub and Chaparral,0.9687689566105692
8729a4533ffffff,Chaparral,Scrub and Chaparral,0.8770552413503312
8729a4534ffffff,Chaparral,Scrub and Chaparral,0.8393823906721358
8729a4535ffffff,Chaparral,Scrub and Chaparral,0.762833319737749
8729a4536ffffff,Chaparral,Scrub and Chaparral,0.8834905600479749
8729a4540ffffff,Urban,Disturbed or Developed Areas,0.7366333714934145
8729a4541ffffff,Urban,Disturbed or Developed Areas,0.80806267452792
8729a4542ffffff,Urban,Disturbed or Developed Areas,0.6246824181266899
8729a4543ffffff,Urban,Disturbed or Developed Areas,0.5634566180467236
8729a4544ffffff,Mixed,Disturbed or Developed Areas,0.4694735660127937
8729a4545ffffff,Urban,Disturbed or Developed Areas,0.910616509494512
8729a4546ffffff,Mixed,Scrub and Chaparral,0.4833898039676495
8729a4548ffffff,Urban,Disturbed or Developed Areas,0.776588036508986
8729a4549ffffff,Mixed,Coastal Sage Scrub,0.5000534537679536
8729a454affffff,Mixed,Disturbed or Developed Areas,0.405095478118014
8729a454bffffff,Mixed,Disturbed or Developed Areas,0.5032533382524758
8729a454cffffff,Urban,Disturbed or Developed Areas,0.7801024469381608
8729a454dffffff,Urban,Disturbed or Developed Areas,0.6507407269846701
8729a454effffff,Urban,Disturbed or Developed Areas,0.7535422954053047
8729a4550ffffff,Chaparral,Scrub and Chaparral,0.8262510948170868
8729a4551ffffff,Urban,Disturbed or Developed Areas,0.6596932914044363
8729a4552ffffff,Mixed,Scrub and Chaparral,0.45287159617916667
8729a4553ffffff,Mixed,Disturbed or Developed Areas,0.5429608145419299
8729a4554ffffff,Mixed,Scrub and Chaparral,0.4105855260785303
8729a4555ffffff,Chaparral,Scrub and Chaparral,0.5990689948900179
8729a4556ffffff,Urban,Disturbed or Developed Areas,0.668926660986437
8729a4558ffffff,Chaparral,Scrub and Chaparral,0.6422330199003693
8729a4559ffffff,Chaparral,Scrub and Chaparral,0.8843145909322481
8729a455affffff,Chaparral,Scrub and Chaparral,0.6118051429553617
8729a455bffffff,Chaparral,Scrub and Chaparral,0.8574389148512891
8729a455cffffff,Mixed,Disturbed or Developed Areas,0.4319454512323639
8729a455dffffff,Mixed,Coastal Sage Scrub,0.5083368921885573
8729a455effffff,Mixed,Coastal Sage Scrub,0.3237038244309099
8729a4560ffffff,Urban,Disturbed or Developed Areas,0.9440143841284304
8729a4561ffffff,Urban,Disturbed or Developed Areas,0.9731966180701557
8729a4562ffffff,Urban,Disturbed or Developed Areas,0.7109912459770277
8729a4563ffffff,Urban,Disturbed or Developed Areas,0.9835081989666153
8729a4564ffffff,Urban,Disturbed or Developed Areas,0.8050319091196009
8729a4565ffffff,Urban,Disturbed or Developed Areas,0.9186580065550355
8729a4566ffffff,Mixed,Coastal Sage Scrub,0.4864554790179212
8729a4568ffffff,Urban,Disturbed or Developed Areas,0.9793248357748173
8729a4569ffffff,Urban,Disturbed or Developed Areas,0.8542480062504809
8729a456affffff,Urban,Disturbed or Developed Areas,0.7174682357813729
8729a456bffffff,Urban,Disturbed or Developed Areas,0.8224410240542912
8729a456cffffff,Urban,Disturbed or Developed Areas,0.9884753164426016
8729a456dffffff,Urban,Disturbed or Developed Areas,0.854414574520579
8729a456effffff,Urban,Disturbed or Developed Areas,0.9943059024699124
8729a4570ffffff,Mixed,Coastal Sage Scrub,0.4733773675736705
8729a4571ffffff,Mixed,Coastal Sage Scrub,0.5361222851263227
8729a4572ffffff,Mixed,Coastal Sage Scrub,0.3698877154863091
8729a4573ffffff,Mixed,Coastal Sage Scrub,0.47239527733207326
8729a4574ffffff,Mixed,Coastal Sage Scrub,0.44417805570326163
8729a4575ffffff,Chaparral,Coastal Sage Scrub,0.5592217426618598
8729a4576ffffff,Chaparral,Scrub and Chaparral,0.5710276401971137
8729a4580ffffff,Chaparral,Scrub and Chaparral,0.7559746706475194
8729a4581ffffff,Chaparral,Scrub and Chaparral,0.7640182096720214
8729a4582ffffff,Chaparral,Scrub and Chaparral,0.8368410072897582
8729a4583ffffff,Chaparral,Scrub and Chaparral,0.6334364200809696
8729a4584ffffff,Chaparral,Scrub and Chaparral,0.7651252268146982
8729a4585ffffff,Chaparral,Scrub and Chaparral,0.5867696898947489
8729a4586ffffff,Mixed,Scrub and Chaparral,0.4714572964263292
8729a4588ffffff,Chaparral,Scrub and Chaparral,0.885461576407051
8729a4589ffffff,Chaparral,Scrub and Chaparral,0.7872996359243972
8729a458affffff,Chaparral,Scrub and Chaparral,0.7654791902311727
8729a458bffffff,Chaparral,Scrub and Chaparral,0.8776548775879848
8729a458cffffff,Mixed,Scrub and Chaparral,0.4535279735590584
8729a458dffffff,Mixed,Scrub and Chaparral,0.41979120340709203
8729a458effffff,Chaparral,Scrub and Chaparral,0.7871735110076631
8729a4590ffffff,Chaparral,Scrub and Chaparral,0.7119580671049793
8729a4591ffffff,Chaparral,Scrub and Chaparral,0.9042021017252012
8729a4592ffffff,Other,Forest,0.6222840644564913
8729a4593ffffff,Chaparral,Scrub and Chaparral,0.9356574611207908
8729a4594ffffff,Chaparral,Scrub and Chaparral,0.8645766265574126
8729a4595ffffff,Chaparral,Scrub and Chaparral,0.9401404069121548
8729a4596ffffff,Mixed,Forest,0.5416255334878781
8729a4598ffffff,Mixed,Scrub and Chaparral,0.4254127318707116
8729a4599ffffff,Mixed,Scrub and Chaparral,0.44089082842102423
8729a459affffff,Chaparral,Scrub and Chaparral,0.9736392577699684
8729a459bffffff,Mixed,Scrub and Chaparral,0.47046980105416136
8729a459cffffff,Chaparral,Scrub and Chaparral,0.9618483216699479
8729a459dffffff,Chaparral,Scrub and Chaparral,0.7112092814563691
8729a459effffff,Chaparral,Scrub and Chaparral,0.9855499785507535
8729a45a0ffffff,Chaparral,Scrub and Chaparral,0.6819539528188633
8729a45a1ffffff,Chaparral,Scrub and Chaparral,0.9434419659269456
8729a45a2ffffff,Chaparral,Scrub and Chaparral,0.7064692945300362
8729a45a3ffffff,Chaparral,Scrub and Chaparral,0.9160824948251722
8729a45a4ffffff,Chaparral,Scrub and Chaparral,0.6365820734168741
8729a45a5ffffff,Chaparral,Scrub and Chaparral,0.89412632389518
8729a45a6ffffff,Mixed,Scrub and Chaparral,0.4608530386366812
8729a45a8ffffff,Chaparral,Scrub and Chaparral,0.6038786636001406
8729a45a9ffffff,Chaparral,Scrub and Chaparral,0.8749704775239452
8729a45aaffffff,Mixed,Scrub and Chaparral,0.5275378375907401
8729a45abffffff,Chaparral,Scrub and Chaparral,0.7364295952029388
8729a45acffffff,Chaparral,Scrub and Chaparral,0.8218651861557621
8729a45adffffff,Chaparral,Scrub and Chaparral,0.694406961663614
8729a45aeffffff,Chaparral,Scrub and Chaparral,0.6131169579015916
8729a45b0ffffff,Chaparral,Scrub and Chaparral,0.8910469362857063
8729a45b1ffffff,Chaparral,Scrub and Chaparral,0.7430100327948358
8729a45b2ffffff,Chaparral,Scrub and Chaparral,0.8045670933186794
8729a45b3ffffff,Chaparral,Scrub and Chaparral,0.7581104764269279
8729a45b4ffffff,Chaparral,Scrub and Chaparral,0.9093908734962977
8729a45b5ffffff,Chaparral,Scrub and Chaparral,0.667887002844015
8729a45b6ffffff,Chaparral,Scrub and Chaparral,0.9135864870674
8729a4600ffffff,Mixed,Agriculture,0.5116380923576743
8729a4601ffffff,Mixed,Agriculture,0.4554434180103686
8729a4602ffffff,Mixed,Scrub and Chaparral,0.356998433577174
8729a4603ffffff,Mixed,Disturbed or Developed Areas,0.4289719907622051
8729a4604ffffff,Mixed,Scrub and Chaparral,0.39097294111263425
8729a4605ffffff,Mixed,Scrub and Chaparral,0.4649448107119323
8729a4606ffffff,Mixed,"Grasslands, Vernal Pools, Meadows, and Other Herb Communities",0.20852232496211884
8729a4608ffffff,Mixed,Agriculture,0.5265101622181363
8729a4609ffffff,Other,Agriculture,0.5543633737469656
8729a460affffff,Mixed,Agriculture,0.4351673132176602
8729a460bffffff,Other,Agriculture,0.6307708195879993
8729a460cffffff,Mixed,Agriculture,0.3734671973085959
8729a460dffffff,Mixed,Agriculture,0.4443392414507503
8729a460effffff,Mixed,Agriculture,0.3916861559810517
8729a4610ffffff,Mixed,Disturbed or Developed Areas,0.39321086356344914
8729a4611ffffff,Mixed,Disturbed or Developed Areas,0.42439485871585814
8729a4612ffffff,Chaparral,Scrub and Chaparral,0.78765386629206
8729a4613ffffff,Mixed,Agriculture,0.3449419623251326
8729a4614ffffff,Other,Agriculture,0.6421388848017567
8729a4615ffffff,Mixed,Disturbed or Developed Areas,0.4422879499195189
8729a4616ffffff,Mixed,Scrub and Chaparral,0.30851642914180133
8729a4618ffffff,Other,Agriculture,0.8205371847996832
8729a4619ffffff,Other,Agriculture,0.683389621908676
8729a461affffff,Other,Agriculture,0.664874427407007
8729a461bffffff,Mixed,Scrub and Chaparral,0.4495995493159934
8729a461cffffff,Mixed,Agriculture,0.4337118651805175
8729a461dffffff,Mixed,Agriculture,0.5067213790567588
8729a461effffff,Urban,Disturbed or Developed Areas,0.5712663968489771
8729a4620ffffff,Urban,Disturbed or Developed Areas,0.6251393430810605
8729a4621ffffff,Mixed,Disturbed or Developed Areas,0.27813271156695235
8729a4622ffffff,Chaparral,Scrub and Chaparral,0.556367003980292
8729a4623ffffff,Mixed,Scrub and Chaparral,0.4170405992772249
8729a4624ffffff,Urban,Disturbed or Developed Areas,0.8222759091532679
8729a4625ffffff,Mixed,Disturbed or Developed Areas,0.45366147083498953
8729a4626ffffff,Mixed,Agriculture,0.3109294276150546
8729a4628ffffff,Chaparral,Scrub and Chaparral,0.5557843073133171
8729a4629ffffff,Mixed,Agriculture,0.40570396478541126
8729a462affffff,Mixed,Disturbed or Developed Areas,0.45952835597782254
8729a462bffffff,Mixed,Coastal Sage Scrub,0.3514155973732192
8729a462cffffff,Chaparral,Scrub and Chaparral,0.6368800299826084
8729a462dffffff,Chaparral,Scrub and Chaparral,0.5688357269168061
8729a462effffff,Mixed,Disturbed or Developed Areas,0.4789953513298093
8729a4630ffffff,Chaparral,Scrub and Chaparral,0.6482582576881301
8729a4631ffffff,Mixed,Disturbed or Developed Areas,0.363352803955058
8729a4632ffffff,Mixed,Scrub and Chaparral,0.42489732564854843
8729a4633ffffff,Mixed,Scrub and Chaparral,0.3189208375393585
8729a4634ffffff,Chaparral,Scrub and Chaparral,0.5622273985321378
8729a4635ffffff,Mixed,Scrub and Chaparral,0.49862323863038044
8729a4636ffffff,Chaparral,Scrub and Chaparral,0.6545115254342769
8729a4640ffffff,Urban,Disturbed or Developed Areas,0.7007551171535248
8729a4641ffffff,Mixed,"Grasslands, Vernal Pools, Meadows, and Other Herb Communities",0.41701027458638146
8729a4642ffffff,Urban,Disturbed or Developed Areas,0.8265711247854157
8729a4643ffffff,Urban,Disturbed or Developed Areas,0.627537682204398
8729a4644ffffff,Mixed,Disturbed or Developed Areas,0.4281121346841634
8729a4645ffffff,Mixed,Disturbed or Developed Areas,0.5243498037764864
8729a4646ffffff,Mixed,Disturbed or Developed Areas,0.5209623441909822
8729a4648ffffff,Mixed,Coastal Sage Scrub,0.45380115019051864
8729a4649ffffff,Mixed,Coastal Sage Scrub,0.5172025797356329
8729a464affffff,Mixed,Disturbed or Developed Areas,0.5015880358198996
8729a464bffffff,Mixed,Coastal Sage Scrub,0.4475160280592467
8729a464cffffff,Chaparral,Coastal Sage Scrub,0.5655207721407718
8729a464dffffff,Chaparral,Coastal Sage Scrub,0.6787577759031245
8729a464effffff,Riparian,"Grasslands, Vernal Pools, Meadows, and Other Herb Communities",0.599497233082595
8729a4650ffffff,Mixed,Disturbed or Developed Areas,0.3592644469932104
8729a4651ffffff,Mixed,Disturbed or Developed Areas,0.5105416093899142
8729a4652ffffff,Mixed,Agriculture,0.39336649039438
8729a4653ffffff,Mixed,Disturbed or Developed Areas,0.47398727698115645
8729a4654ffffff,Mixed,Agriculture,0.37484172922321085
8729a4655ffffff,Mixed,Disturbed or Developed Areas,0.3447709278368846
8729a4656ffffff,Mixed,Agriculture,0.3103972397050429
8729a4658ffffff,Urban,Disturbed or Developed Areas,0.8137810470855077
8729a4659ffffff,Urban,Disturbed or Developed Areas,0.8502461710975096
8729a465affffff,Mixed,Disturbed or Developed Areas,0.5251561039900202
8729a465bffffff,Mixed,Disturbed or Developed Areas,0.42347452321784784
8729a465cffffff,Urban,Disturbed or Developed Areas,0.6661681244224927
8729a465dffffff,Urban,Disturbed or Developed Areas,0.8410767070195884
8729a465effffff,Mixed,Disturbed or Developed Areas,0.4910225958923869
8729a4660ffffff,Mixed,Agriculture,0.45301398697333745
8729a4661ffffff,Urban,Disturbed or Developed Areas,0.5927963817264688
8729a4662ffffff,Mixed,Agriculture,0.5476938924470564
8729a4663ffffff,Other,Agriculture,0.8223500739173099
8729a4664ffffff,Urban,Disturbed or Developed Areas,0.6765530913562555
8729a4665ffffff,Urban,Disturbed or Developed Areas,0.6557694865503325
8729a4666ffffff,Urban,Disturbed or Developed Areas,0.5871360578958356
8729a4668ffffff,Urban,Disturbed or Developed Areas,0.576325639671877
8729a4669ffffff,Mixed,Disturbed or Developed Areas,0.3331813692752049
8729a466affffff,Chaparral,Coastal Sage Scrub,0.7026170584305538
8729a466bffffff,Mixed,Coastal Sage Scrub,0.324133085704442
8729a466cffffff,Riparian,"Grasslands, Vernal Pools, Meadows, and Other Herb Communities",0.5547474616615149
8729a466dffffff,Riparian,"Grasslands, Vernal Pools, Meadows, and Other Herb Communities",0.6100411653794503
8729a466effffff,Mixed,Coastal Sage Scrub,0.5286883448807387
8729a4670ffffff,Mixed,Disturbed or Developed Areas,0.5034410168203698
8729a4671ffffff,Mixed,Disturbed or Developed Areas,0.43610715952971074
8729a4672ffffff,Other,Agriculture,0.6220587694069811
8729a4673ffffff,Mixed,Agriculture,0.3958123798440024
8729a4674ffffff,Mixed,Disturbed or Developed Areas,0.34518188479368483
8729a4675ffffff,Mixed,Disturbed or Developed Areas,0.34639906761142014
8729a4676ffffff,Mixed,Agriculture,0.46813180613686645
8729a4680ffffff,Other,Forest,0.8489931561026098
8729a4681ffffff,Other,Forest,0.9147864323036983
8729a4682ffffff,Other,Forest,0.8057872815965367
8729a4683ffffff,Other,Forest,0.8776177451693
8729a4684ffffff,Mixed,Woodland,0.4011291359932752
8729a4685ffffff,Mixed,Scrub and Chaparral,0.463162461001571
8729a4686ffffff,Other,Forest,0.8178931557939232
8729a4688ffffff,Other,Forest,0.9637764664607188
8729a4689ffffff,Mixed,Forest,0.4766472103056761
8729a468affffff,Mixed,Forest,0.5100221196383041
8729a468bffffff,Other,Forest,0.6142193242439012
8729a468cffffff,Other,Forest,0.7655855003511983
8729a468dffffff,Mixed,Woodland,0.27476951445981174
8729a468effffff,Other,Forest,0.9563282860548097
8729a4690ffffff,Chaparral,Scrub and Chaparral,0.8671672521890108
8729a4691ffffff,Chaparral,Scrub and Chaparral,0.7882343898812082
8729a4692ffffff,Chaparral,Scrub and Chaparral,0.9431137878538933
8729a4693ffffff,Chaparral,Scrub and Chaparral,0.819972479649902
8729a4694ffffff,Mixed,Woodland,0.3589364852688136
8729a4695ffffff,Other,Forest,0.6599844842334106
8729a4696ffffff,Chaparral,Scrub and Chaparral,0.9080169151180576
8729a4698ffffff,Chaparral,Scrub and Chaparral,0.9390708893784067
8729a4699ffffff,Chaparral,Scrub and Chaparral,0.851767689338767
8729a469affffff,Chaparral,Scrub and Chaparral,0.9394073759805086
8729a469bffffff,Chaparral,Scrub and Chaparral,0.9763019692587137
8729a469cffffff,Other,Forest,0.5910871089489979
8729a469dffffff,Other,Forest,0.752958592043913
8729a469effffff,Chaparral,Scrub and Chaparral,0.8817760459645001
8729a46a0ffffff,Chaparral,Scrub and Chaparral,0.6138033675638819
8729a46a1ffffff,Mixed,Disturbed or Developed Areas,0.23536562143115072
8729a46a2ffffff,Mixed,Woodland,0.4754480176603626
8729a46a3ffffff,Chaparral,Scrub and Chaparral,0.7271299306672265
8729a46a4ffffff,Chaparral,Scrub and Chaparral,0.9797538683557365
8729a46a5ffffff,Chaparral,Scrub and Chaparral,0.6129749023138256
8729a46a6ffffff,Chaparral,Scrub and Chaparral,0.8582936515237837
8729a46a8ffffff,Other,Agriculture,0.7834605671608377
8729a46a9ffffff,Other,Agriculture,0.7320518884197117
8729a46aaffffff,Mixed,Scrub and Chaparral,0.40367304447306845
8729a46abffffff,Mixed,Scrub and Chaparral,0.3936545841731194
8729a46acffffff,Mixed,Agriculture,0.5170425173851597
8729a46adffffff,Other,Agriculture,0.5611596982354454
8729a46aeffffff,Other,Agriculture,0.7191897063364963
8729a46b0ffffff,Chaparral,Scrub and Chaparral,0.645569503215526
8729a46b1ffffff,Mixed,Scrub and Chaparral,0.37099641846781456
8729a46b2ffffff,Mixed,Forest,0.4234051151582773
8729a46b3ffffff,Other,Forest,0.6881872040732517
8729a46b4ffffff,Chaparral,Scrub and Chaparral,0.8356694004427186
8729a46b5ffffff,Chaparral,Scrub and Chaparral,0.6432149252360637
8729a46b6ffffff,Chaparral,Scrub and Chaparral,0.5764532099806543
8729a46c0ffffff,Chaparral,Scrub and Chaparral,0.8838149525689655
8729a46c1ffffff,Chaparral,Scrub and Chaparral,0.867645637043241
8729a46c2ffffff,Chaparral,Scrub and Chaparral,0.5960707731974388
8729a46c3ffffff,Chaparral,Scrub and Chaparral,0.785950634164404
8729a46c4ffffff,Mixed,Coastal Sage Scrub,0.47523876821945993
8729a46c5ffffff,Chaparral,Coastal Sage Scrub,0.5981501528717837
8729a46c6ffffff,Mixed,Coastal Sage Scrub,0.3711228696711145
8729a46ccffffff,Chaparral,Scrub and Chaparral,0.6134932008056477
8729a46d0ffffff,Mixed,Scrub and Chaparral,0.3652235745462968
8729a46d4ffffff,Mixed,Scrub and Chaparral,0.5178173767656395
8729a46d5ffffff,Mixed,Scrub and Chaparral,0.3553640703338398
8729a46d6ffffff,Mixed,Forest,0.3528031987010221
8729a46e0ffffff,Chaparral,Scrub and Chaparral,0.6477789379752812
8729a46e1ffffff,Chaparral,Coastal Sage Scrub,0.5766696201279253
8729a46e2ffffff,Mixed,Coastal Sage Scrub,0.31584727290698167
8729a46e3ffffff,Mixed,Coastal Sage Scrub,0.4226146505962287
8729a46e4ffffff,Other,Agriculture,0.7600884189631345
8729a46e5ffffff,Mixed,Agriculture,0.4365961917789002
8729a46e6ffffff,Chaparral,Scrub and Chaparral,0.6261177455031307
8729a46e8ffffff,Other,Agriculture,0.5516700236270242
8729a46e9ffffff,Mixed,Agriculture,0.5193377981107699
8729a46eaffffff,Chaparral,Scrub and Chaparral,0.605946750184319
8729a46ebffffff,Mixed,Agriculture,0.3733779802900206
8729a46ecffffff,Mixed,Coastal Sage Scrub,0.35497487404104217
8729a46edffffff,Mixed,Agriculture,0.39905252274462166
8729a46eeffffff,Mixed,Scrub and Chaparral,0.4191552280274554
8729a46f0ffffff,Mixed,Coastal Sage Scrub,0.33237108363811496
8729a46f1ffffff,Chaparral,Coastal Sage Scrub,0.658105521671325
8729a46f2ffffff,Mixed,Scrub and Chaparral,0.41909778674001247
8729a46f3ffffff,Mixed,Scrub and Chaparral,0.38466576667808966
8729a46f4ffffff,Mixed,Agriculture,0.3970134874715602
8729a46f5ffffff,Chaparral,Scrub and Chaparral,0.7914050300257963
8729a46f6ffffff,Mixed,Scrub and Chaparral,0.38457556324914016
8729a4700ffffff,Urban,Disturbed or Developed Areas,0.7848606988402388
8729a4701ffffff,Urban,Disturbed or Developed Areas,0.8816740993098389
8729a4702ffffff,Urban,Disturbed or Developed Areas,0.8282059667317632
8729a4703ffffff,Urban,Disturbed or Developed Areas,0.929330582217154
8729a4704ffffff,Mixed,Disturbed or Developed Areas,0.5423865707366615
8729a4705ffffff,Urban,Disturbed or Developed Areas,0.5646292845361669
8729a4706ffffff,Mixed,Disturbed or Developed Areas,0.3870411487636028
8729a4708ffffff,Urban,Disturbed or Developed Areas,0.9276182420984944
8729a4709ffffff,Urban,Disturbed or Developed Areas,0.7898520566960116
8729a470affffff,Urban,Disturbed or Developed Areas,0.9876514970172464
8729a470bffffff,Urban,Disturbed or Developed Areas,0.9565535493754139
8729a470cffffff,Urban,Disturbed or Developed Areas,0.6910005944149595
8729a470dffffff,Urban,Disturbed or Developed Areas,0.6053244668927067
8729a470effffff,Urban,Disturbed or Developed Areas,0.9915119142955829
8729a4710ffffff,Mixed,Agriculture,0.4892570823734998
8729a4711ffffff,Mixed,Agriculture,0.4941167967588016
8729a4712ffffff,Chaparral,Coastal Sage Scrub,0.6663653739013872
8729a4713ffffff,Mixed,Coastal Sage Scrub,0.37169618420812445
8729a4714ffffff,Mixed,Agriculture,0.4620878796645792
8729a4715ffffff,Mixed,Coastal Sage Scrub,0.3743231590931613
8729a4716ffffff,Mixed,Agriculture,0.4584207487006257
8729a4718ffffff,Urban,Disturbed or Developed Areas,0.9911486511393407
8729a4719ffffff,Urban,Disturbed or Developed Areas,0.9423876902755874
8729a471affffff,Mixed,Scrub and Chaparral,0.33939266987219535
8729a471bffffff,Mixed,Scrub and Chaparral,0.42739003166174894
8729a471cffffff,Urban,Disturbed or Developed Areas,0.7420745604197192
8729a471dffffff,Urban,Disturbed or Developed Areas,0.9754190338170959
8729a471effffff,Mixed,Agriculture,0.408702530110443
8729a4720ffffff,Urban,Disturbed or Developed Areas,0.8394702998908047
8729a4721ffffff,Urban,Disturbed or Developed Areas,0.7298830029632354
8729a4722ffffff,Urban,Disturbed or Developed Areas,0.9828943927903733
8729a4723ffffff,Urban,Disturbed or Developed Areas,0.5892018295642223
8729a4724ffffff,Urban,Disturbed or Developed Areas,0.7019004246704538
8729a4725ffffff,Urban,Disturbed or Developed Areas,0.6907017778419562
8729a4726ffffff,Urban,Disturbed or Developed Areas,0.9883099459689018
8729a4728ffffff,Urban,Disturbed or Developed Areas,0.6226872473432408
8729a4729ffffff,Urban,Disturbed or Developed Areas,0.5912211830210373
8729a472affffff,Urban,Disturbed or Developed Areas,0.5664007663874044
8729a472bffffff,Mixed,Disturbed or Developed Areas,0.4980653997978782
8729a472cffffff,Urban,Disturbed or Developed Areas,0.5577999104723256
8729a472dffffff,Urban,Disturbed or Developed Areas,0.6443376773490334
8729a472effffff,Mixed,Disturbed or Developed Areas,0.516341688521576
8729a4730ffffff,Mixed,Coastal Sage Scrub,0.40144496569532345
8729a4731ffffff,Urban,Disturbed or Developed Areas,0.5859604660058103
8729a4732ffffff,Mixed,Scrub and Chaparral,0.39564645813923166
8729a4733ffffff,Chaparral,Coastal Sage Scrub,0.5664656340812668
8729a4734ffffff,Urban,Disturbed or Developed Areas,0.5897231818752962
8729a4735ffffff,Urban,Disturbed or Developed Areas,0.9587310193769448
8729a4736ffffff,Mixed,Scrub and Chaparral,0.3678336730554507
8729a4740ffffff,Urban,Disturbed or Developed Areas,0.7671638989329975
8729a4741ffffff,Urban,Disturbed or Developed Areas,0.8007184481402304
8729a4742ffffff,Urban,Disturbed or Developed Areas,0.9428247815168129
8729a4743ffffff,Urban,Disturbed or Developed Areas,0.8992289813738467
8729a4744ffffff,Urban,Disturbed or Developed Areas,0.7312500799487289
8729a4745ffffff,Urban,Disturbed or Developed Areas,0.6512830802207767
8729a4746ffffff,Urban,Disturbed or Developed Areas,0.9088012001763293
8729a4748ffffff,Urban,Disturbed or Developed Areas,0.9348586241959378
8729a4749ffffff,Urban,Disturbed or Developed Areas,0.7769756791068149
8729a474affffff,Urban,Disturbed or Developed Areas,0.9634362195258862
8729a474bffffff,Urban,Disturbed or Developed Areas,0.9309255910738018
8729a474cffffff,Urban,Disturbed or Developed Areas,0.7854970959850491
8729a474dffffff,Urban,Disturbed or Developed Areas,0.8201409314291467
8729a474effffff,Urban,Disturbed or Developed Areas,0.9159513963849136
8729a4750ffffff,Mixed,Coastal Sage Scrub,0.41600036294986464
8729a4751ffffff,Mixed,Disturbed or Developed Areas,0.40433042734239666
8729a4752ffffff,Mixed,Agriculture,0.5264790474336823
8729a4753ffffff,Mixed,Agriculture,0.5449999494151111
8729a4754ffffff,Urban,Disturbed or Developed Areas,0.8458598763226517
8729a4755ffffff,Urban,Disturbed or Developed Areas,0.8822974996950036
8729a4756ffffff,Urban,Disturbed or Developed Areas,0.8583296093573661
8729a4758ffffff,Urban,Disturbed or Developed Areas,0.8337724579602298
8729a4759ffffff,Urban,Disturbed or Developed Areas,0.9133442115032177
8729a475affffff,Chaparral,Scrub and Chaparral,0.7699562345319095
8729a475bffffff,Mixed,Disturbed or Developed Areas,0.5293521658023183
8729a475cffffff,Urban,Disturbed or Developed Areas,0.8599658179496702
8729a475dffffff,Urban,Disturbed or Developed Areas,0.9820351419730547
8729a475effffff,Mixed,Disturbed or Developed Areas,0.4564054126730786
8729a4760ffffff,Urban,Disturbed or Developed Areas,0.8356094671363562
8729a4761ffffff,Urban,Disturbed or Developed Areas,0.7547940459898583
8729a4762ffffff,Urban,Disturbed or Developed Areas,0.7599673116690924
8729a4763ffffff,Urban,Disturbed or Developed Areas,0.7785044955637361
8729a4764ffffff,Urban,Disturbed or Developed Areas,0.7067788986403734
8729a4765ffffff,Urban,Disturbed or Developed Areas,0.6373432912569956
8729a4766ffffff,Urban,Disturbed or Developed Areas,0.8894853370361808
8729a4768ffffff,Urban,Disturbed or Developed Areas,0.6656875837768285
8729a4769ffffff,Urban,Disturbed or Developed Areas,0.8623758692382274
8729a476affffff,Urban,Disturbed or Developed Areas,0.6441972040230647
8729a476bffffff,Urban,Disturbed or Developed Areas,0.8742047289222571
8729a476cffffff,Urban,Disturbed or Developed Areas,0.8644886882841482
8729a476effffff,Urban,Disturbed or Developed Areas,0.815701229926585
8729a4770ffffff,Urban,Disturbed or Developed Areas,0.7765457592958098
8729a4771ffffff,Urban,Disturbed or Developed Areas,0.7240588647170574
8729a4772ffffff,Urban,Disturbed or Developed Areas,0.6285688747502856
8729a4773ffffff,Urban,Disturbed or Developed Areas,0.8405099445479197
8729a4774ffffff,Urban,Disturbed or Developed Areas,0.6235286235218634
8729a4775ffffff,Urban,Disturbed or Developed Areas,0.6892086329722453
8729a4776ffffff,Urban,Disturbed or Developed Areas,0.5609818280181733
8729a4780ffffff,Mixed,"Grasslands, Vernal Pools, Meadows, and Other Herb Communities",0.4660612549136375
8729a4781ffffff,Riparian,"Grasslands, Vernal Pools, Meadows, and Other Herb Communities",0.5524881172626241
8729a4782ffffff,Chaparral,Scrub and Chaparral,0.8659433864190763
8729a4783ffffff,Chaparral,Scrub and Chaparral,0.6934920924330259
8729a4784ffffff,Chaparral,Scrub and Chaparral,0.7071777010358996
8729a4785ffffff,Mixed,"Grasslands, Vernal Pools, Meadows, and Other Herb Communities",0.4492077239485211
8729a4786ffffff,Chaparral,Scrub and Chaparral,0.853997068663029
8729a4788ffffff,Mixed,Disturbed or Developed Areas,0.5098825656951046
8729a4789ffffff,Mixed,Disturbed or Developed Areas,0.39248303162909487
8729a478affffff,Chaparral,Scrub and Chaparral,0.847523569231771
8729a478bffffff,Mixed,Scrub and Chaparral,0.5140639989903929
8729a478cffffff,Mixed,Scrub and Chaparral,0.4727183656833382
8729a478dffffff,Chaparral,Scrub and Chaparral,0.652146942708789
8729a478effffff,Mixed,Scrub and Chaparral,0.4920652405229064
8729a4790ffffff,Chaparral,Scrub and Chaparral,0.9170232552496931
8729a4791ffffff,Chaparral,Scrub and Chaparral,0.7740275865024794
8729a4792ffffff,Other,Woodland,0.581160964922142
8729a4793ffffff,Chaparral,Scrub and Chaparral,0.7064112464459908
8729a4794ffffff,Chaparral,Scrub and Chaparral,0.8471973977106806
8729a4795ffffff,Mixed,"Grasslands, Vernal Pools, Meadows, and Other Herb Communities",0.29058442906391535
8729a4796ffffff,Chaparral,Scrub and Chaparral,0.5816470675597145
8729a4798ffffff,Mixed,Woodland,0.4996834967727012
8729a4799ffffff,Chaparral,Scrub and Chaparral,0.714420258951221
8729a479affffff,Mixed,Scrub and Chaparral,0.4578681698723395
8729a479bffffff,Mixed,Woodland,0.39076577994017553
8729a479cffffff,Chaparral,Scrub and Chaparral,0.686317907105081
8729a479dffffff,Chaparral,Scrub and Chaparral,0.7142306354169543
8729a479effffff,Chaparral,Scrub and Chaparral,0.7001849886987596
8729a47a0ffffff,Chaparral,Scrub and Chaparral,0.7349622669061151
8729a47a1ffffff,Chaparral,Scrub and Chaparral,0.604975924265226
8729a47a2ffffff,Chaparral,Scrub and Chaparral,0.800278998368751
8729a47a3ffffff,Mixed,"Grasslands, Vernal Pools, Meadows, and Other Herb Communities",0.43210321870669793
8729a47a4ffffff,Chaparral,Scrub and Chaparral,0.591255155400258
8729a47a5ffffff,Mixed,Agriculture,0.3603223754691609
8729a47a6ffffff,Chaparral,Scrub and Chaparral,0.6893662323533755
8729a47a8ffffff,Chaparral,Scrub and Chaparral,0.7127906450017573
8729a47a9ffffff,Chaparral,Scrub and Chaparral,0.655446934971972
8729a47aaffffff,Mixed,Scrub and Chaparral,0.4174488982922995
8729a47abffffff,Mixed,Scrub and Chaparral,0.543403652035294
8729a47acffffff,Chaparral,Scrub and Chaparral,0.667196199115265
8729a47adffffff,Chaparral,Scrub and Chaparral,0.8646573803243404
8729a47aeffffff,Chaparral,Scrub and Chaparral,0.6242312050577177
8729a47b0ffffff,Chaparral,Scrub and Chaparral,0.6201276995519431
8729a47b1ffffff,Chaparral,Scrub and Chaparral,0.9573081958993996
8729a47b2ffffff,Chaparral,Scrub and Chaparral,0.8332689646316839
8729a47b3ffffff,Mixed,Scrub and Chaparral,0.44007607627015594
8729a47b4ffffff,Chaparral,Scrub and Chaparral,0.7650299971848694
8729a47b5ffffff,Chaparral,Scrub and Chaparral,0.7198632964277141
8729a47b6ffffff,Chaparral,Scrub and Chaparral,0.9261920218511639
8729a4c08ffffff,Urban,Disturbed or Developed Areas,0.667099453234175
8729a4c09ffffff,Mixed,Agriculture,0.4681170485865833
8729a4c0affffff,Riparian,"Grasslands, Vernal Pools, Meadows, and Other Herb Communities",0.6573496095732937
8729a4c0bffffff,Mixed,"Grasslands, Vernal Pools, Meadows, and Other Herb Communities",0.5431202339759656
8729a4c18ffffff,Chaparral,Scrub and Chaparral,0.6230453814748955
8729a4c19ffffff,Mixed,Coastal Sage Scrub,0.47413805005693865
8729a4c1affffff,Chaparral,Scrub and Chaparral,0.9158164782539273
8729a4c1bffffff,Chaparral,Scrub and Chaparral,0.825453425061461
8729a4c40ffffff,Urban,Disturbed or Developed Areas,0.8557432872775034
8729a4c41ffffff,Urban,Disturbed or Developed Areas,0.7249970249918511
8729a4c42ffffff,Urban,Disturbed or Developed Areas,0.8581618332328282
8729a4c43ffffff,Urban,Disturbed or Developed Areas,0.9862482559576922
8729a4c44ffffff,Urban,Disturbed or Developed Areas,0.6990783540846638
8729a4c45ffffff,Urban,Disturbed or Developed Areas,0.8766853727001835
8729a4c46ffffff,Urban,Disturbed or Developed Areas,0.7582330091654359
8729a4c48ffffff,Riparian,Riparian and Bottomland Habitat,0.7415316968752271
8729a4c49ffffff,Riparian,Riparian and Bottomland Habitat,0.8359709948852212
8729a4c4affffff,Urban,Disturbed or Developed Areas,0.9669525362054484
8729a4c4bffffff,Urban,Disturbed or Developed Areas,0.604944882787464
8729a4c4cffffff,Riparian,Riparian and Bottomland Habitat,0.8506143722452242
8729a4c4effffff,Urban,Disturbed or Developed Areas,0.8858069531966003
8729a4c50ffffff,Mixed,"Grasslands, Vernal Pools, Meadows, and Other Herb Communities",0.3597214216353615
8729a4c51ffffff,Urban,Disturbed or Developed Areas,0.6386438060387358
8729a4c52ffffff,Other,Agriculture,0.873214140712866
8729a4c53ffffff,Other,Agriculture,0.8416759977605973
8729a4c54ffffff,Mixed,Disturbed or Developed Areas,0.4806875385734336
8729a4c55ffffff,Mixed,Disturbed or Developed Areas,0.4173929304025435
8729a4c56ffffff,Mixed,"Grasslands, Vernal Pools, Meadows, and Other Herb Communities",0.43943217718247823
8729a4c58ffffff,Urban,Disturbed or Developed Areas,0.7457837863177624
8729a4c59ffffff,Urban,Disturbed or Developed Areas,0.9141475129759379
8729a4c5affffff,Urban,Disturbed or Developed Areas,0.8091357856898579
8729a4c5bffffff,Urban,Disturbed or Developed Areas,0.9550514351766255
8729a4c5cffffff,Urban,Disturbed or Developed Areas,0.9832418941823184
8729a4c5dffffff,Urban,Disturbed or Developed Areas,0.9942681820461037
8729a4c5effffff,Urban,Disturbed or Developed Areas,0.772164154553129
8729a4c61ffffff,Mixed,Scrub and Chaparral,0.30266291802930984
8729a4c63ffffff,Other,Agriculture,0.5672199491605826
8729a4c6affffff,Urban,Disturbed or Developed Areas,0.7460567460358148
8729a4c6effffff,Mixed,Disturbed or Developed Areas,0.3595947203428679
8729a4c71ffffff,Urban,Disturbed or Developed Areas,0.6804169716643773
8729a4c72ffffff,Mixed,Agriculture,0.4024549451602178
8729a4c73ffffff,Mixed,Agriculture,0.28912741902684874
8729a4c80ffffff,Chaparral,Scrub and Chaparral,0.5607572428830936
8729a4c81ffffff,Chaparral,Coastal Sage Scrub,0.6558803717232636
8729a4c82ffffff,Chaparral,Scrub and Chaparral,0.6772164115537966
8729a4c83ffffff,Mixed,Coastal Sage Scrub,0.5185916180177067
8729a4c85ffffff,Chaparral,Coastal Sage Scrub,0.636081180242748
8729a4c86ffffff,Chaparral,Scrub and Chaparral,0.8461947978871923
8729a4c88ffffff,Mixed,Coastal Sage Scrub,0.3521271197162097
8729a4c89ffffff,Mixed,Coastal Sage Scrub,0.502299724785731
8729a4c8affffff,Mixed,Scrub and Chaparral,0.5212511643359675
8729a4c8bffffff,Chaparral,Coastal Sage Scrub,0.6319596302622884
8729a4c8cffffff,Chaparral,Scrub and Chaparral,0.5917449713068061
8729a4c8dffffff,Chaparral,Scrub and Chaparral,0.693713954520489
8729a4c8effffff,Mixed,Scrub and Chaparral,0.5120324245013831
8729a4c90ffffff,Chaparral,Scrub and Chaparral,0.9257483263938874
8729a4c91ffffff,Chaparral,Scrub and Chaparral,0.6568203566146767
8729a4c92ffffff,Chaparral,Scrub and Chaparral,0.799629962821794
8729a4c93ffffff,Chaparral,Scrub and Chaparral,0.8906022818288966
8729a4c94ffffff,Chaparral,Scrub and Chaparral,0.9526049739540328
8729a4c95ffffff,Chaparral,Scrub and Chaparral,0.9471494167268546
8729a4c96ffffff,Chaparral,Scrub and Chaparral,0.7296983671819133
8729a4c98ffffff,Chaparral,Scrub and Chaparral,0.8930416343364749
8729a4c99ffffff,Chaparral,Scrub and Chaparral,0.7349960095233483
8729a4c9affffff,Chaparral,Scrub and Chaparral,0.8141894073036114
8729a4c9bffffff,Chaparral,Scrub and Chaparral,0.7549322888805717
8729a4c9cffffff,Mixed,Scrub and Chaparral,0.5320249379484201
8729a4c9dffffff,Chaparral,Scrub and Chaparral,0.9315911287552
8729a4c9effffff,Chaparral,Scrub and Chaparral,0.5744694430562685
8729a4ca8ffffff,Chaparral,Scrub and Chaparral,0.8027738268577138
8729a4ca9ffffff,Chaparral,Scrub and Chaparral,0.7737494695475168
8729a4caaffffff,Chaparral,Coastal Sage Scrub,0.772424883387878
8729a4cabffffff,Chaparral,Scrub and Chaparral,0.7359358924680464
8729a4cadffffff,Chaparral,Scrub and Chaparral,0.6996467937357378
8729a4caeffffff,Chaparral,Coastal Sage Scrub,0.5501155763334344
8729a4cc0ffffff,Chaparral,Coastal Sage Scrub,0.8630365270406313
8729a4cc1ffffff,Chaparral,Coastal Sage Scrub,0.6898115766328492
8729a4cc2ffffff,Chaparral,Coastal Sage Scrub,0.5598772253981728
8729a4cc3ffffff,Chaparral,Coastal Sage Scrub,0.6825983645204001
8729a4cc4ffffff,Chaparral,Coastal Sage Scrub,0.7530814835073115
8729a4cc5ffffff,Chaparral,Coastal Sage Scrub,0.7619992462588994
8729a4cc6ffffff,Chaparral,Coastal Sage Scrub,0.631264049493529
8729a4cc8ffffff,Chaparral,Coastal Sage Scrub,0.7587164651430452
8729a4cc9ffffff,Urban,Disturbed or Developed Areas,0.709524034512476
8729a4ccaffffff,Mixed,Coastal Sage Scrub,0.4438738936211927
8729a4ccbffffff,Mixed,Coastal Sage Scrub,0.41835005041745515
8729a4cccffffff,Chaparral,Scrub and Chaparral,0.7216780961501954
8729a4ccdffffff,Mixed,"Grasslands, Vernal Pools, Meadows, and Other Herb Communities",0.31202401792901324
8729a4cceffffff,Chaparral,Scrub and Chaparral,0.5760002345276647
8729a4cd0ffffff,Mixed,Coastal Sage Scrub,0.545895897246502
8729a4cd1ffffff,Mixed,Agriculture,0.3903635447565387
8729a4cd2ffffff,Mixed,Coastal Sage Scrub,0.5250065476385124
8729a4cd3ffffff,Mixed,Coastal Sage Scrub,0.5350382434749171
8729a4cd4ffffff,Riparian,"Grasslands, Vernal Pools, Meadows, and Other Herb Communities",0.6285364999650765
8729a4cd5ffffff,Mixed,"Grasslands, Vernal Pools, Meadows, and Other Herb Communities",0.4667449616837218
8729a4cd6ffffff,Chaparral,Coastal Sage Scrub,0.5811224347025068
8729a4cd8ffffff,Mixed,Disturbed or Developed Areas,0.5259976960635945
8729a4cd9ffffff,Mixed,Coastal Sage Scrub,0.4681795747299716
8729a4cdaffffff,Chaparral,Scrub and Chaparral,0.6191258935209933
8729a4cdbffffff,Chaparral,Coastal Sage Scrub,0.6216318997168356
8729a4cdcffffff,Mixed,Disturbed or Developed Areas,0.4219704107208481
8729a4cddffffff,Mixed,Coastal Sage Scrub,0.48013484646048044
8729a4cdeffffff,Mixed,Disturbed or Developed Areas,0.31877531201332987
8729a4ce0ffffff,Chaparral,Coastal Sage Scrub,0.6196517203085583
8729a4ce1ffffff,Mixed,Scrub and Chaparral,0.34174368089018464
8729a4ce2ffffff,Chaparral,Coastal Sage Scrub,0.6425399813598761
8729a4ce3ffffff,Mixed,Riparian and Bottomland Habitat,0.3227427528172236
8729a4ce4ffffff,Mixed,Coastal Sage Scrub,0.4421285649757309
8729a4ce5ffffff,Mixed,Coastal Sage Scrub,0.3361092245667341
8729a4ce6ffffff,Chaparral,Coastal Sage Scrub,0.5508360428431002
8729a4ce8ffffff,Mixed,Disturbed or Developed Areas,0.4613641582760952
8729a4ce9ffffff,Mixed,"Grasslands, Vernal Pools, Meadows, and Other Herb Communities",0.42492743486734325
8729a4ceaffffff,Mixed,"Grasslands, Vernal Pools, Meadows, and Other Herb Communities",0.34344788930499565
8729a4cebffffff,Mixed,Coastal Sage Scrub,0.494588313257446
8729a4cecffffff,Other,Agriculture,0.7299319474029772
8729a4cedffffff,Urban,Disturbed or Developed Areas,0.7667616223528497
8729a4ceeffffff,Other,Agriculture,0.5781978605509497
8729a4cf0ffffff,Chaparral,Scrub and Chaparral,0.7274704460637629
8729a4cf1ffffff,Mixed,Coastal Sage Scrub,0.49920520630059534
8729a4cf2ffffff,Chaparral,Scrub and Chaparral,0.5988858915103071
8729a4cf3ffffff,Mixed,Coastal Sage Scrub,0.39051744832071
8729a4cf4ffffff,Chaparral,Scrub and Chaparral,0.8528782015131493
8729a4cf5ffffff,Mixed,Scrub and Chaparral,0.5325896374661503
8729a4cf6ffffff,Chaparral,Scrub and Chaparral,0.6984246969512578
8729a6021ffffff,Chaparral,Scrub and Chaparral,0.7720389819241147
8729a6025ffffff,Chaparral,Scrub and Chaparral,0.7669676544572617
8729a6028ffffff,Chaparral,Scrub and Chaparral,0.7814309150995945
8729a6029ffffff,Chaparral,Scrub and Chaparral,0.817746058109739
8729a602affffff,Riparian,Riparian and Bottomland Habitat,0.8446167604702365
8729a602cffffff,Chaparral,Scrub and Chaparral,0.9732391168037219
8729a602dffffff,Chaparral,Scrub and Chaparral,0.9407029585276326
8729a602effffff,Chaparral,Scrub and Chaparral,0.8287670166015599
8729a6064ffffff,Other,Woodland,0.7674844073459269
8729a6108ffffff,Chaparral,Scrub and Chaparral,0.9670229545899535
8729a6109ffffff,Chaparral,Scrub and Chaparral,0.9997168318384586
8729a610bffffff,Chaparral,Scrub and Chaparral,0.8989520717129915
8729a610cffffff,Chaparral,Scrub and Chaparral,0.8690115980267179
8729a610dffffff,Coastal,Dune Community,0.6942223702263923
8729a6121ffffff,Coastal,Dune Community,0.6132738395134464
8729a6125ffffff,Chaparral,Scrub and Chaparral,0.9004889791297814
8729a6128ffffff,Mixed,Dune Community,0.5313757348969309
8729a6129ffffff,Mixed,Scrub and Chaparral,0.4939039326128941
8729a612affffff,Mixed,Dune Community,0.4665542826668325
8729a612bffffff,Chaparral,Scrub and Chaparral,0.639851349835618
8729a612cffffff,Chaparral,Scrub and Chaparral,0.7460149497865861
8729a612dffffff,Chaparral,Scrub and Chaparral,0.7390444561023191
8729a612effffff,Coastal,Dune Community,0.7487445397671794
8729a6140ffffff,Chaparral,Scrub and Chaparral,0.9953734180679195
8729a6141ffffff,Chaparral,Scrub and Chaparral,0.9571514063081822
8729a6142ffffff,Chaparral,Scrub and Chaparral,0.920478945403188
8729a6143ffffff,Chaparral,Scrub and Chaparral,0.5715886031508987
8729a6144ffffff,Chaparral,Scrub and Chaparral,0.9629237385525525
8729a6145ffffff,Chaparral,Scrub and Chaparral,0.9825310647807289
8729a6146ffffff,Chaparral,Scrub and Chaparral,0.9358290845643825
8729a6148ffffff,Chaparral,Scrub and Chaparral,1.0
8729a6149ffffff,Chaparral,Scrub and Chaparral,0.9651628415614524
8729a614affffff,Chaparral,Scrub and Chaparral,0.6371150583964631
8729a614bffffff,Chaparral,Scrub and Chaparral,0.9108366014714379
8729a614cffffff,Chaparral,Scrub and Chaparral,0.7346119405177683
8729a614dffffff,Chaparral,Scrub and Chaparral,0.9114868846217334
8729a614effffff,Chaparral,Scrub and Chaparral,0.960779352050241
8729a6150ffffff,Chaparral,Scrub and Chaparral,0.9910458871205517
8729a6151ffffff,Other,Woodland,0.7372455259151808
8729a6152ffffff,Chaparral,Scrub and Chaparral,0.9706078395577136
8729a6153ffffff,Chaparral,Scrub and Chaparral,0.6446464836771695
8729a6154ffffff,Chaparral,Scrub and Chaparral,1.0
8729a6155ffffff,Chaparral,Scrub and Chaparral,0.9910840174553096
8729a6156ffffff,Chaparral,Scrub and Chaparral,0.9557149126008415
8729a6158ffffff,Other,Woodland,0.9073167747789803
8729a6159ffffff,Other,Woodland,0.9921196426280304
8729a615affffff,Other,Woodland,0.6847378162745978
8729a615bffffff,Other,Woodland,0.9495017662293572
8729a615cffffff,Other,Woodland,0.9569666239297213
8729a615dffffff,Other,Woodland,0.9429471463181354
8729a615effffff,Other,Woodland,0.7726279938301963
8729a6160ffffff,Chaparral,Scrub and Chaparral,0.6703355635079322
8729a6161ffffff,Chaparral,Scrub and Chaparral,1.0
8729a6162ffffff,Chaparral,Scrub and Chaparral,0.910014469360828
8729a6163ffffff,Chaparral,Scrub and Chaparral,0.9808812635460592
8729a6164ffffff,Coastal,Dune Community,0.7617234591069539
8729a6165ffffff,Chaparral,Scrub and Chaparral,0.7309849279430563
8729a6166ffffff,Coastal,Dune Community,0.7280015332992219
8729a6168ffffff,Chaparral,Scrub and Chaparral,0.7744952502629502
8729a6169ffffff,Chaparral,Scrub and Chaparral,0.9998562338010565
8729a616affffff,Mixed,"Grasslands, Vernal Pools, Meadows, and Other Herb Communities",0.53925210650339
8729a616bffffff,Chaparral,Scrub and Chaparral,0.7760154287974786
8729a616cffffff,Chaparral,Scrub and Chaparral,0.9657773008421525
8729a616dffffff,Chaparral,Scrub and Chaparral,0.8576800335866546
8729a616effffff,Chaparral,Scrub and Chaparral,0.9891255019853742
8729a6170ffffff,Chaparral,Scrub and Chaparral,0.9636296483722129
8729a6171ffffff,Chaparral,Scrub and Chaparral,0.9681317666757611
8729a6172ffffff,Chaparral,Scrub and Chaparral,0.6652223755505755
8729a6173ffffff,Chaparral,Scrub and Chaparral,0.968641986102813
8729a6174ffffff,Coastal,Dune Community,0.6935175365294263
8729a6175ffffff,Mixed,Scrub and Chaparral,0.5292640139729331
8729a6176ffffff,Chaparral,Scrub and Chaparral,0.7103568269565125
8729a6800ffffff,Chaparral,Scrub and Chaparral,0.9324466405370186
8729a6801ffffff,Chaparral,Scrub and Chaparral,0.9925534934717303
8729a6802ffffff,Chaparral,Scrub and Chaparral,0.9995055916515792
8729a6803ffffff,Chaparral,Scrub and Chaparral,0.990990818370464
8729a6804ffffff,Coastal,Dune Community,0.6159970970670035
8729a6805ffffff,Chaparral,Scrub and Chaparral,0.8179250664988044
8729a6806ffffff,Coastal,Dune Community,0.5706869295168365
8729a6808ffffff,Chaparral,Scrub and Chaparral,0.7703539914129303
8729a6809ffffff,Mixed,Woodland,0.5282309605025807
8729a680affffff,Chaparral,Scrub and Chaparral,0.9869736123205913
8729a680bffffff,Chaparral,Scrub and Chaparral,0.7197647124137191
8729a680cffffff,Chaparral,Scrub and Chaparral,0.6089049501391289
8729a680dffffff,Other,Woodland,0.8001470623140922
8729a680effffff,Chaparral,Scrub and Chaparral,0.8734738415725564
8729a6810ffffff,Chaparral,Scrub and Chaparral,0.8902048791135118
8729a6811ffffff,Chaparral,Scrub and Chaparral,0.996785388607288
8729a6812ffffff,Chaparral,Scrub and Chaparral,0.932623693539966
8729a6813ffffff,Chaparral,Scrub and Chaparral,0.9772822859345204
8729a6814ffffff,Mixed,Dune Community,0.5124360176752984
8729a6815ffffff,Chaparral,Scrub and Chaparral,0.8239160871082303
8729a6816ffffff,Chaparral,Scrub and Chaparral,0.96709021448955
8729a6818ffffff,Chaparral,Scrub and Chaparral,0.9642768012474606
8729a6819ffffff,Chaparral,Scrub and Chaparral,0.9183896101223114
8729a681affffff,Chaparral,Scrub and Chaparral,1.0
8729a681bffffff,Chaparral,Scrub and Chaparral,0.9228824554526492
8729a681cffffff,Chaparral,Scrub and Chaparral,0.9195232197056546
8729a681dffffff,Chaparral,Scrub and Chaparral,0.9680307263561914
8729a681effffff,Chaparral,Scrub and Chaparral,0.9062272570085096
8729a6820ffffff,Chaparral,Scrub and Chaparral,0.6808231515258254
8729a6821ffffff,Chaparral,Scrub and Chaparral,0.9795053442103849
8729a6822ffffff,Mixed,Dune Community,0.5203965533830901
8729a6823ffffff,Coastal,Dune Community,0.832496507262272
8729a6824ffffff,Chaparral,Scrub and Chaparral,0.942523423539343
8729a6825ffffff,Chaparral,Scrub and Chaparral,1.0
8729a6826ffffff,Coastal,Dune Community,0.7163757069645271
8729a6828ffffff,Chaparral,Scrub and Chaparral,0.9887300221526313
8729a6829ffffff,Chaparral,Scrub and Chaparral,0.8413228012723719
8729a682affffff,Chaparral,Scrub and Chaparral,0.7203367859950223
8729a682bffffff,Other,Woodland,0.6483879335258464
8729a682cffffff,Chaparral,Scrub and Chaparral,0.9638690556480477
8729a682dffffff,Chaparral,Scrub and Chaparral,1.0
8729a682effffff,Chaparral,Scrub and Chaparral,0.8852553225437622
8729a6830ffffff,Coastal,Dune Community,0.6118605836706689
8729a6831ffffff,Coastal,Dune Community,0.9630781351098756
8729a6832ffffff,Coastal,Dune Community,0.7850598276150514
8729a6833ffffff,Coastal,Dune Community,0.648700827863196
8729a6834ffffff,Mixed,Dune Community,0.5117395143803616
8729a6835ffffff,Chaparral,Scrub and Chaparral,0.7860809660984309
8729a6836ffffff,Coastal,Dune Community,0.5552795324912224
8729a6840ffffff,Other,Woodland,0.814538506374337
8729a6841ffffff,Other,Woodland,0.7022592963068744
8729a6842ffffff,Chaparral,Scrub and Chaparral,0.7196303403839128
8729a6843ffffff,Chaparral,Scrub and Chaparral,0.6977689425766517
8729a6844ffffff,Other,Woodland,0.5983972163793632
8729a6845ffffff,Chaparral,Scrub and Chaparral,0.6976096185754049
8729a6846ffffff,Mixed,Scrub and Chaparral,0.5322859306347006
8729a6848ffffff,Chaparral,Scrub and Chaparral,0.8900065557588628
8729a6849ffffff,Chaparral,Scrub and Chaparral,0.7225697124087036
8729a684affffff,Chaparral,Scrub and Chaparral,0.6188103154875237
8729a684bffffff,Other,Woodland,0.6367084729255056
8729a684cffffff,Chaparral,Scrub and Chaparral,0.7396820442899893
8729a684dffffff,Chaparral,Scrub and Chaparral,0.9117384885470629
8729a684effffff,Chaparral,Scrub and Chaparral,0.7412873358742383
8729a6850ffffff,Chaparral,Scrub and Chaparral,0.8881403523379727
8729a6851ffffff,Chaparral,Scrub and Chaparral,0.8767065424396495
8729a6852ffffff,Chaparral,Scrub and Chaparral,0.922487930904939
8729a6853ffffff,Chaparral,Scrub and Chaparral,0.9276166356212625
8729a6854ffffff,Chaparral,Scrub and Chaparral,0.7470075733394035
8729a6855ffffff,Other,Woodland,0.60776051654162
8729a6856ffffff,Chaparral,Scrub and Chaparral,0.7804514364129786
8729a6858ffffff,Chaparral,Scrub and Chaparral,0.9482532402561309
8729a6859ffffff,Chaparral,Scrub and Chaparral,0.7861753408538936
8729a685affffff,Chaparral,Scrub and Chaparral,0.9988828558130355
8729a685bffffff,Chaparral,Scrub and Chaparral,0.982877557207567
8729a685cffffff,Chaparral,Scrub and Chaparral,0.9703846435893495
8729a685dffffff,Chaparral,Scrub and Chaparral,0.765035824030799
8729a685effffff,Chaparral,Scrub and Chaparral,0.9337418984819007
8729a6860ffffff,Chaparral,Scrub and Chaparral,0.8340604915798294
8729a6861ffffff,Chaparral,Scrub and Chaparral,0.9215994600485079
8729a6862ffffff,Chaparral,Scrub and Chaparral,0.7798659680754203
8729a6863ffffff,Chaparral,Scrub and Chaparral,0.8683154832683847
8729a6864ffffff,Mixed,Scrub and Chaparral,0.5163562601323047
8729a6865ffffff,Other,Woodland,0.5737152167621733
8729a6866ffffff,Chaparral,Scrub and Chaparral,0.8308919204803326
8729a6868ffffff,Mixed,Woodland,0.5414778216526926
8729a6869ffffff,Chaparral,Scrub and Chaparral,0.8130176535858902
8729a686affffff,Mixed,Scrub and Chaparral,0.5192211343452895
8729a686bffffff,Mixed,Scrub and Chaparral,0.41484446233530875
8729a686cffffff,Chaparral,Scrub and Chaparral,0.985630125711838
8729a686dffffff,Chaparral,Scrub and Chaparral,0.9985022356834223
8729a686effffff,Chaparral,Scrub and Chaparral,0.6008574704652382
8729a6870ffffff,Other,Woodland,0.6775239223191382
8729a6871ffffff,Other,Woodland,0.5737739174277244
8729a6872ffffff,Other,Woodland,0.7169061725126675
8729a6873ffffff,Other,Woodland,0.5974179352569783
8729a6874ffffff,Other,Woodland,0.7457249586558019
8729a6875ffffff,Chaparral,Scrub and Chaparral,0.8161277122487378
8729a6876ffffff,Other,Woodland,0.8522122860128786
8729a6888ffffff,Chaparral,Scrub and Chaparral,0.9938962906721268
8729a6889ffffff,Chaparral,Scrub and Chaparral,0.8515449555897308
8729a688bffffff,Chaparral,Scrub and Chaparral,0.9622849402896109
8729a688cffffff,Chaparral,Scrub and Chaparral,0.6666588906670586
8729a688dffffff,Chaparral,Scrub and Chaparral,0.9057331066170544
8729a68a8ffffff,Chaparral,Scrub and Chaparral,0.9873200554985204
8729a68a9ffffff,Chaparral,Scrub and Chaparral,0.9772311539953759
8729a68aaffffff,Chaparral,Scrub and Chaparral,0.9154926969120349
8729a68abffffff,Chaparral,Scrub and Chaparral,0.9771512340635543
8729a68acffffff,Chaparral,Scrub and Chaparral,0.9872919978238022
8729a68adffffff,Chaparral,Scrub and Chaparral,1.0
8729a68c0ffffff,Chaparral,Scrub and Chaparral,0.9899343275826535
8729a68c1ffffff,Chaparral,Scrub and Chaparral,0.9362216146346612
8729a68c2ffffff,Chaparral,Scrub and Chaparral,0.9366506005702242
8729a68c3ffffff,Chaparral,Scrub and Chaparral,0.9766988601486034
8729a68c4ffffff,Chaparral,Scrub and Chaparral,0.7641460972695938
8729a68c5ffffff,Chaparral,Scrub and Chaparral,0.8535237014963233
8729a68c6ffffff,Chaparral,Scrub and Chaparral,0.9838541235877586
8729a68c8ffffff,Chaparral,Scrub and Chaparral,0.7058965397752966
8729a68c9ffffff,Chaparral,Scrub and Chaparral,0.6339887395239981
8729a68caffffff,Chaparral,Scrub and Chaparral,0.6841478026774231
8729a68cbffffff,Chaparral,Scrub and Chaparral,0.8930779690101845
8729a68ccffffff,Chaparral,Scrub and Chaparral,0.9949658823489167
8729a68cdffffff,Chaparral,Scrub and Chaparral,0.8902474087430383
8729a68ceffffff,Chaparral,Scrub and Chaparral,0.9234082971757496
8729a68d0ffffff,Chaparral,Scrub and Chaparral,0.9973249167120165
8729a68d1ffffff,Chaparral,Scrub and Chaparral,0.9718224246008127
8729a68d2ffffff,Chaparral,Scrub and Chaparral,0.9907559992099038
8729a68d3ffffff,Chaparral,Scrub and Chaparral,0.998293883913244
8729a68d4ffffff,Chaparral,Scrub and Chaparral,0.9327461340700088
8729a68d5ffffff,Chaparral,Scrub and Chaparral,0.9777440945063638
8729a68d6ffffff,Chaparral,Scrub and Chaparral,0.9993973893660268
8729a68d8ffffff,Coastal,Dune Community,0.8562191309626254
8729a68d9ffffff,Coastal,Dune Community,0.9031768776808331
8729a68daffffff,Coastal,Dune Community,0.8082447852210533
8729a68dbffffff,Coastal,Dune Community,0.9917369930005512
8729a68dcffffff,Chaparral,Scrub and Chaparral,0.7635129540495096
8729a68ddffffff,Chaparral,Scrub and Chaparral,0.8722597065782332
8729a68deffffff,Chaparral,Scrub and Chaparral,0.6192689620657872
8729a68e0ffffff,Chaparral,Scrub and Chaparral,0.8932104798114826
8729a68e1ffffff,Chaparral,Scrub and Chaparral,0.9798967978185766
8729a68e2ffffff,Riparian,Riparian and Bottomland Habitat,0.7413212242938408
8729a68e3ffffff,Chaparral,Scrub and Chaparral,0.8458622147564384
8729a68e4ffffff,Chaparral,Scrub and Chaparral,0.7079063927536927
8729a68e5ffffff,Chaparral,Scrub and Chaparral,0.5717011273168927
8729a68e6ffffff,Chaparral,Scrub and Chaparral,0.9830111555642375
8729a68e8ffffff,Chaparral,Scrub and Chaparral,1.0
8729a68e9ffffff,Chaparral,Scrub and Chaparral,0.9424562785586198
8729a68eaffffff,Chaparral,Scrub and Chaparral,0.9809245369770803
8729a68ebffffff,Chaparral,Scrub and Chaparral,0.9934416224195395
8729a68ecffffff,Chaparral,Scrub and Chaparral,0.8365319332792578
8729a68edffffff,Chaparral,Scrub and Chaparral,1.0
8729a68eeffffff,Chaparral,Scrub and Chaparral,0.8042196055608637
8729a68f0ffffff,Chaparral,Scrub and Chaparral,0.6224204240747655
8729a68f1ffffff,Mixed,Riparian and Bottomland Habitat,0.5224895185994328
8729a68f2ffffff,Chaparral,Scrub and Chaparral,0.8977408587894777
8729a68f3ffffff,Chaparral,Scrub and Chaparral,0.8955251367781089
8729a68f4ffffff,Chaparral,Scrub and Chaparral,0.9876039970291292
8729a68f5ffffff,Chaparral,Scrub and Chaparral,0.7078104463064491
8729a68f6ffffff,Chaparral,Scrub and Chaparral,0.8732596277586541
8729a6900ffffff,Chaparral,Scrub and Chaparral,0.9357953236596466
8729a6901ffffff,Chaparral,Scrub and Chaparral,0.9943340000247524
8729a6902ffffff,Chaparral,Scrub and Chaparral,0.9540219874952452
8729a6903ffffff,Chaparral,Scrub and Chaparral,0.963947592398862
8729a6904ffffff,Chaparral,Scrub and Chaparral,0.9387087738458724
8729a6905ffffff,Chaparral,Scrub and Chaparral,0.9437249244322131
8729a6906ffffff,Chaparral,Scrub and Chaparral,0.9083375333143496
8729a6908ffffff,Chaparral,Scrub and Chaparral,0.9687861389405461
8729a6909ffffff,Chaparral,Scrub and Chaparral,1.0
8729a690affffff,Chaparral,Scrub and Chaparral,0.9893059379378192
8729a690bffffff,Chaparral,Scrub and Chaparral,1.0
8729a690cffffff,Chaparral,Scrub and Chaparral,0.9982424597564427
8729a690dffffff,Chaparral,Scrub and Chaparral,0.9996496872232151
8729a690effffff,Chaparral,Scrub and Chaparral,0.968118675999982
8729a6910ffffff,Chaparral,Scrub and Chaparral,0.6222443732222278
8729a6911ffffff,Chaparral,Scrub and Chaparral,0.8121150069020452
8729a6912ffffff,Mixed,Scrub and Chaparral,0.4515432926248466
8729a6913ffffff,Chaparral,Scrub and Chaparral,0.87852562105734
8729a6914ffffff,Mixed,Dune Community,0.5205114475633774
8729a6915ffffff,Chaparral,Scrub and Chaparral,0.8776232559822401
8729a6916ffffff,Coastal,Dune Community,0.9992929183086595
8729a6918ffffff,Chaparral,Scrub and Chaparral,0.7637513688854312
8729a6919ffffff,Chaparral,Scrub and Chaparral,0.7252801998307817
8729a691affffff,Chaparral,Scrub and Chaparral,0.7977555945395752
8729a691bffffff,Chaparral,Scrub and Chaparral,0.56493973551101
8729a691cffffff,Chaparral,Scrub and Chaparral,0.9851784293365481
8729a691dffffff,Chaparral,Scrub and Chaparral,0.9986912516372919
8729a691effffff,Chaparral,Scrub and Chaparral,0.8808486466009937
8729a6920ffffff,Chaparral,Scrub and Chaparral,0.9962222252704238
8729a6921ffffff,Chaparral,Scrub and Chaparral,0.9972451595154532
8729a6922ffffff,Chaparral,Scrub and Chaparral,0.9618277790930585
8729a6923ffffff,Chaparral,Scrub and Chaparral,0.9936777230657547
8729a6924ffffff,Chaparral,Scrub and Chaparral,1.0
8729a6925ffffff,Chaparral,Scrub and Chaparral,0.9988192939553147
8729a6926ffffff,Chaparral,Scrub and Chaparral,0.9345411094515603
8729a6928ffffff,Chaparral,Scrub and Chaparral,0.9681318751903386
8729a6929ffffff,Chaparral,Scrub and Chaparral,0.9962755901048538
8729a692affffff,Chaparral,Scrub and Chaparral,1.0
8729a692bffffff,Chaparral,Scrub and Chaparral,0.9986365636948201
8729a692cffffff,Chaparral,Scrub and Chaparral,0.9929241240533694
8729a692dffffff,Chaparral,Scrub and Chaparral,0.9940985379924436
8729a692effffff,Chaparral,Scrub and Chaparral,0.9865840689706914
8729a6930ffffff,Chaparral,Scrub and Chaparral,0.9997253107874716
8729a6931ffffff,Chaparral,Scrub and Chaparral,0.9480903547141073
8729a6932ffffff,Chaparral,Scrub and Chaparral,0.9160004580502077
8729a6933ffffff,Chaparral,Scrub and Chaparral,0.9367875569086144
8729a6934ffffff,Chaparral,Scrub and Chaparral,1.0
8729a6935ffffff,Chaparral,Scrub and Chaparral,0.9798782164020405
8729a6936ffffff,Chaparral,Scrub and Chaparral,0.9975304843113455
8729a6940ffffff,Chaparral,Scrub and Chaparral,0.9895890248375174
8729a6941ffffff,Chaparral,Scrub and Chaparral,0.9948674540379577
8729a6942ffffff,Chaparral,Scrub and Chaparral,0.9900644702986269
8729a6943ffffff,Chaparral,Scrub and Chaparral,0.9671285433210148
8729a6944ffffff,Chaparral,Scrub and Chaparral,0.9850568333953545
8729a6945ffffff,Chaparral,Scrub and Chaparral,0.9985672694766227
8729a6946ffffff,Chaparral,Scrub and Chaparral,0.990046418044614
8729a6948ffffff,Chaparral,Scrub and Chaparral,0.9217980762178875
8729a6949ffffff,Chaparral,Scrub and Chaparral,0.9978519206101291
8729a694affffff,Chaparral,Scrub and Chaparral,0.9749500747172789
8729a694bffffff,Chaparral,Scrub and Chaparral,0.9541159128414695
8729a694cffffff,Chaparral,Scrub and Chaparral,0.9971981605128014
8729a694dffffff,Chaparral,Scrub and Chaparral,0.9840814278049053
8729a694effffff,Chaparral,Scrub and Chaparral,0.95863522316131
8729a6950ffffff,Chaparral,Scrub and Chaparral,1.0
8729a6951ffffff,Chaparral,Scrub and Chaparral,1.0
8729a6952ffffff,Chaparral,Scrub and Chaparral,0.9543529084564756
8729a6953ffffff,Chaparral,Scrub and Chaparral,0.993825284226718
8729a6954ffffff,Chaparral,Scrub and Chaparral,0.9943563953328033
8729a6955ffffff,Chaparral,Scrub and Chaparral,1.0
8729a6956ffffff,Chaparral,Scrub and Chaparral,1.0
8729a6958ffffff,Chaparral,Scrub and Chaparral,0.9412208791871965
8729a6959ffffff,Chaparral,Scrub and Chaparral,0.8223495145838886
8729a695affffff,Chaparral,Scrub and Chaparral,0.9875315417605323
8729a695bffffff,Chaparral,Scrub and Chaparral,0.6346340861289724
8729a695cffffff,Chaparral,Scrub and Chaparral,0.7687054801432469
8729a695dffffff,Chaparral,Scrub and Chaparral,0.940921419535295
8729a695effffff,Chaparral,Scrub and Chaparral,0.8741475529998876
8729a6960ffffff,Mixed,Forest,0.5065697548202825
8729a6961ffffff,Other,Forest,0.9426281360395028
8729a6962ffffff,Chaparral,Scrub and Chaparral,0.9701207680931216
8729a6963ffffff,Chaparral,Scrub and Chaparral,0.771645543336301
8729a6964ffffff,Mixed,Scrub and Chaparral,0.5117468396489318
8729a6965ffffff,Other,Forest,0.9411156921196481
8729a6966ffffff,Chaparral,Scrub and Chaparral,0.921058539040013
8729a6968ffffff,Mixed,Scrub and Chaparral,0.4994910612301825
8729a6969ffffff,Chaparral,Scrub and Chaparral,0.6214626711061122
8729a696affffff,Chaparral,Scrub and Chaparral,0.973573652135967
8729a696bffffff,Chaparral,Scrub and Chaparral,0.8940606820507471
8729a696cffffff,Mixed,Forest,0.5458171128199815
8729a696dffffff,Chaparral,Scrub and Chaparral,0.662064213532406
8729a696effffff,Chaparral,Scrub and Chaparral,0.7403184638298391
8729a6970ffffff,Chaparral,Scrub and Chaparral,1.0
8729a6971ffffff,Chaparral,Scrub and Chaparral,0.9982897693429433
8729a6972ffffff,Chaparral,Scrub and Chaparral,1.0
8729a6973ffffff,Chaparral,Scrub and Chaparral,1.0
8729a6974ffffff,Chaparral,Scrub and Chaparral,0.999056926695903
8729a6975ffffff,Chaparral,Scrub and Chaparral,0.9990439376782774
8729a6976ffffff,Chaparral,Scrub and Chaparral,1.0
8729a6989ffffff,Mixed,Dune Community,0.5317581233222537
8729a698dffffff,Coastal,Dune Community,0.7540115092394261
8729a69a8ffffff,Coastal,Dune Community,0.616855438962128
8729a69a9ffffff,Coastal,Dune Community,0.7606518144888406
8729a69abffffff,Coastal,Dune Community,0.6573191670388183
8729a69acffffff,Chaparral,Scrub and Chaparral,0.7948981355118514
8729a69adffffff,Chaparral,Scrub and Chaparral,0.902798665263702
8729a6a00ffffff,Other,Forest,0.7209925166991495
8729a6a01ffffff,Chaparral,Scrub and Chaparral,0.6050948290213799
8729a6a02ffffff,Chaparral,Scrub and Chaparral,0.9053900462590901
8729a6a03ffffff,Chaparral,Scrub and Chaparral,0.6475473467874957
8729a6a04ffffff,Other,Forest,0.7521940575158003
8729a6a05ffffff,Chaparral,Scrub and Chaparral,0.5569043577836138
8729a6a06ffffff,Chaparral,Scrub and Chaparral,0.7469907130873675
8729a6a08ffffff,Chaparral,Scrub and Chaparral,0.9045746072763237
8729a6a09ffffff,Chaparral,Scrub and Chaparral,0.9249752070836063
8729a6a0affffff,Chaparral,Scrub and Chaparral,0.9764427212178243
8729a6a0bffffff,Chaparral,Scrub and Chaparral,0.8390475285898453
8729a6a0cffffff,Chaparral,Scrub and Chaparral,0.8668776639372933
8729a6a0dffffff,Chaparral,Scrub and Chaparral,0.6991939938397583
8729a6a0effffff,Chaparral,Scrub and Chaparral,0.832567057588504
8729a6a10ffffff,Chaparral,Scrub and Chaparral,0.9150083410166177
8729a6a11ffffff,Chaparral,Scrub and Chaparral,0.9873912869188343
8729a6a12ffffff,Chaparral,Scrub and Chaparral,0.9724641964833698
8729a6a13ffffff,Chaparral,Scrub and Chaparral,0.9496333656544076
8729a6a14ffffff,Chaparral,Scrub and Chaparral,0.9759367618973204
8729a6a15ffffff,Chaparral,Scrub and Chaparral,0.9429401133934501
8729a6a16ffffff,Chaparral,Scrub and Chaparral,1.0
8729a6a18ffffff,Chaparral,Scrub and Chaparral,0.988871952774394
8729a6a19ffffff,Chaparral,Scrub and Chaparral,0.9695142989340083
8729a6a1affffff,Chaparral,Scrub and Chaparral,0.9770307376937596
8729a6a1bffffff,Chaparral,Scrub and Chaparral,0.9483521657822394
8729a6a1cffffff,Chaparral,Scrub and Chaparral,0.9772678800769686
8729a6a1dffffff,Chaparral,Scrub and Chaparral,0.9874248843058017
8729a6a1effffff,Chaparral,Scrub and Chaparral,0.9681280805893735
8729a6a20ffffff,Chaparral,Scrub and Chaparral,0.6486644268394504
8729a6a21ffffff,Chaparral,Scrub and Chaparral,0.7729989792209225
8729a6a22ffffff,Mixed,Forest,0.44588326949069135
8729a6a23ffffff,Chaparral,Scrub and Chaparral,0.6756933094805154
8729a6a24ffffff,Chaparral,Scrub and Chaparral,0.8751437938241987
8729a6a25ffffff,Mixed,Scrub and Chaparral,0.49342192777847443
8729a6a26ffffff,Mixed,Scrub and Chaparral,0.5035715544708536
8729a6a28ffffff,Chaparral,Scrub and Chaparral,0.9548888100417348
8729a6a29ffffff,Chaparral,Scrub and Chaparral,0.9909681425470042
8729a6a2affffff,Chaparral,Scrub and Chaparral,0.8757020987702796
8729a6a2bffffff,Chaparral,Scrub and Chaparral,0.9702068239613946
8729a6a2cffffff,Chaparral,Scrub and Chaparral,0.8149704369934438
8729a6a2dffffff,Chaparral,Scrub and Chaparral,0.7660471888635766
8729a6a2effffff,Chaparral,Scrub and Chaparral,0.9096903496608871
8729a6a30ffffff,Chaparral,Scrub and Chaparral,0.9419573019549805
8729a6a31ffffff,Chaparral,Scrub and Chaparral,0.6817766709431011
8729a6a32ffffff,Chaparral,Scrub and Chaparral,0.9887319759532575
8729a6a33ffffff,Chaparral,Scrub and Chaparral,0.8650278580196243
8729a6a34ffffff,Chaparral,Scrub and Chaparral,0.8255513537796426
8729a6a35ffffff,Chaparral,Scrub and Chaparral,0.6721254580437112
8729a6a36ffffff,Chaparral,Scrub and Chaparral,0.9336911980218223
8729a6a40ffffff,Chaparral,Scrub and Chaparral,0.9633753924777922
8729a6a41ffffff,Chaparral,Scrub and Chaparral,0.7999137786924171
8729a6a42ffffff,Chaparral,Scrub and Chaparral,0.7307695966778647
8729a6a44ffffff,Chaparral,Scrub and Chaparral,0.9965984970248848
8729a6a45ffffff,Chaparral,Scrub and Chaparral,0.7930229311351819
8729a6a46ffffff,Chaparral,Scrub and Chaparral,0.9399182797650909
8729a6a50ffffff,Chaparral,Scrub and Chaparral,0.9325339523371067
8729a6a54ffffff,Chaparral,Scrub and Chaparral,0.9034401849475387
8729a6a55ffffff,Chaparral,Scrub and Chaparral,0.9719797161558312
8729a6a56ffffff,Chaparral,Scrub and Chaparral,0.9946630048392475
8729a6a60ffffff,Chaparral,Scrub and Chaparral,0.7676674490820502
8729a6a61ffffff,Chaparral,Scrub and Chaparral,0.8845892056492596
8729a6a62ffffff,Chaparral,Scrub and Chaparral,0.9571090031752015
8729a6a63ffffff,Chaparral,Scrub and Chaparral,0.774202606018379
8729a6a64ffffff,Chaparral,Scrub and Chaparral,0.9594837065265072
8729a6a65ffffff,Chaparral,Scrub and Chaparral,0.9815380765977708
8729a6a66ffffff,Chaparral,Scrub and Chaparral,0.7424712536561127
8729a6a68ffffff,Chaparral,Scrub and Chaparral,0.7384788736607873
8729a6a69ffffff,Chaparral,Scrub and Chaparral,0.8492418144953322
8729a6a6affffff,Mixed,Scrub and Chaparral,0.538769364641011
8729a6a6bffffff,Chaparral,Scrub and Chaparral,0.7995584025408788
8729a6a6cffffff,Chaparral,Scrub and Chaparral,0.9050007960054959
8729a6a6dffffff,Chaparral,Scrub and Chaparral,0.8949912536491469
8729a6a6effffff,Mixed,Scrub and Chaparral,0.4725488180468658
8729a6a70ffffff,Chaparral,Scrub and Chaparral,0.9958202373296684
8729a6a71ffffff,Chaparral,Scrub and Chaparral,0.9688346838411523
8729a6a72ffffff,Chaparral,Scrub and Chaparral,0.7580557503733798
8729a6a73ffffff,Chaparral,Scrub and Chaparral,0.7015491073007294
8729a6a74ffffff,Chaparral,Scrub and Chaparral,0.9505277631547379
8729a6a75ffffff,Chaparral,Scrub and Chaparral,0.9622199633058769
8729a6a76ffffff,Chaparral,Scrub and Chaparral,0.9321455906430082
8729a6a80ffffff,Chaparral,Scrub and Chaparral,0.8770996731896947
8729a6a84ffffff,Chaparral,Scrub and Chaparral,1.0
8729a6a85ffffff,Chaparral,Scrub and Chaparral,0.8320153051734409
8729a6a86ffffff,Chaparral,Scrub and Chaparral,0.9665055375210483
8729a6a94ffffff,Chaparral,Scrub and Chaparral,0.9042471697042985
8729a6a95ffffff,Chaparral,Scrub and Chaparral,0.9780708460237665
8729a6a96ffffff,Other,Woodland,0.8509002611100775
8729a6aa0ffffff,Chaparral,Scrub and Chaparral,0.9583969845368304
8729a6aa1ffffff,Chaparral,Scrub and Chaparral,0.8758446966179051
8729a6aa2ffffff,Chaparral,Scrub and Chaparral,0.9956193999292331
8729a6aa3ffffff,Chaparral,Scrub and Chaparral,0.9951847220229705
8729a6aa4ffffff,Chaparral,Scrub and Chaparral,1.0
8729a6aa5ffffff,Chaparral,Scrub and Chaparral,1.0
8729a6aa6ffffff,Chaparral,Scrub and Chaparral,0.8557161433830048
8729a6aa8ffffff,Chaparral,Scrub and Chaparral,0.7299904000254859
8729a6aa9ffffff,Chaparral,Scrub and Chaparral,0.937018653044978
8729a6aaaffffff,Other,Woodland,0.7940444723503489
8729a6aabffffff,Other,Woodland,0.5736863999658259
8729a6aacffffff,Chaparral,Scrub and Chaparral,0.9885410943422317
8729a6aadffffff,Chaparral,Scrub and Chaparral,0.8989919084649322
8729a6aaeffffff,Chaparral,Scrub and Chaparral,0.9400643108614749
8729a6ab0ffffff,Chaparral,Scrub and Chaparral,1.0
8729a6ab1ffffff,Chaparral,Scrub and Chaparral,0.9960293550836378
8729a6ab2ffffff,Chaparral,Scrub and Chaparral,1.0
8729a6ab3ffffff,Chaparral,Scrub and Chaparral,0.9879461266823882
8729a6ab4ffffff,Chaparral,Scrub and Chaparral,1.0
8729a6ab5ffffff,Chaparral,Scrub and Chaparral,1.0
8729a6ab6ffffff,Chaparral,Scrub and Chaparral,0.9497825734165459
8729a6ae4ffffff,Chaparral,Scrub and Chaparral,0.9995642273763288
8729a6ae5ffffff,Chaparral,Scrub and Chaparral,0.9799973255828994
8729a6ae6ffffff,Chaparral,Scrub and Chaparral,0.9678009488256814
8729a6af4ffffff,Chaparral,Scrub and Chaparral,0.9886987571012196
8729a6b00ffffff,Chaparral,Scrub and Chaparral,0.8857920904385174
8729a6b01ffffff,Chaparral,Scrub and Chaparral,0.8100298801789619
8729a6b02ffffff,Chaparral,Scrub and Chaparral,0.9980825331264606
8729a6b03ffffff,Chaparral,Scrub and Chaparral,0.9968442956867094
8729a6b04ffffff,Chaparral,Scrub and Chaparral,0.9259562269532086
8729a6b05ffffff,Mixed,Forest,0.48345944206913843
8729a6b06ffffff,Chaparral,Scrub and Chaparral,0.9835874731247765
8729a6b08ffffff,Chaparral,Scrub and Chaparral,0.7870151673215913
8729a6b09ffffff,Mixed,Scrub and Chaparral,0.4926729249371575
8729a6b0affffff,Chaparral,Scrub and Chaparral,0.7443059106738066
8729a6b0bffffff,Riparian,"Grasslands, Vernal Pools, Meadows, and Other Herb Communities",0.766352300386738
8729a6b0cffffff,Chaparral,Scrub and Chaparral,0.76747177182995
8729a6b0dffffff,Chaparral,Scrub and Chaparral,0.8764474698781868
8729a6b0effffff,Chaparral,Scrub and Chaparral,0.9474811684663621
8729a6b10ffffff,Chaparral,Scrub and Chaparral,0.9969042507051209
8729a6b11ffffff,Chaparral,Scrub and Chaparral,0.9604842890166478
8729a6b12ffffff,Chaparral,Scrub and Chaparral,0.9923482133638173
8729a6b13ffffff,Chaparral,Scrub and Chaparral,1.0
8729a6b14ffffff,Chaparral,Scrub and Chaparral,0.8217412243555361
8729a6b15ffffff,Chaparral,Scrub and Chaparral,0.9060924778656315
8729a6b16ffffff,Chaparral,Scrub and Chaparral,0.9370162882288624
8729a6b18ffffff,Chaparral,Scrub and Chaparral,0.9172112893404064
8729a6b19ffffff,Chaparral,Scrub and Chaparral,0.85573795242832
8729a6b1affffff,Chaparral,Scrub and Chaparral,0.9215682730129269
8729a6b1bffffff,Mixed,Scrub and Chaparral,0.5363263472492923
8729a6b1cffffff,Chaparral,Scrub and Chaparral,0.8527962158654739
8729a6b1dffffff,Chaparral,Scrub and Chaparral,0.7886909752541624
8729a6b1effffff,Chaparral,Scrub and Chaparral,0.8974468710933508
8729a6b20ffffff,Other,Forest,0.6895626794996665
8729a6b21ffffff,Mixed,Forest,0.41419066581437164
8729a6b22ffffff,Chaparral,Scrub and Chaparral,0.6066920290719167
8729a6b23ffffff,Other,Forest,0.8309931116650372
8729a6b24ffffff,Mixed,Forest,0.4824978232971015
8729a6b25ffffff,Mixed,Forest,0.51900147799188
8729a6b26ffffff,Chaparral,Scrub and Chaparral,0.9049900055248445
8729a6b28ffffff,Other,Forest,0.6201581200537493
8729a6b29ffffff,Mixed,Forest,0.5117246255159879
8729a6b2affffff,Other,Forest,0.6251183461337613
8729a6b2bffffff,Other,Forest,0.6172514877323868
8729a6b2cffffff,Mixed,Forest,0.25338545052394357
8729a6b2dffffff,Other,Woodland,0.6964472583239679
8729a6b2effffff,Other,Forest,0.9398714471736987
8729a6b30ffffff,Chaparral,Scrub and Chaparral,0.7503027504505433
8729a6b31ffffff,Chaparral,Scrub and Chaparral,0.7741596194331409
8729a6b32ffffff,Chaparral,Scrub and Chaparral,0.8644610561010334
8729a6b33ffffff,Chaparral,Scrub and Chaparral,0.9423963287345385
8729a6b34ffffff,Mixed,Riparian and Bottomland Habitat,0.450820674349579
8729a6b35ffffff,Chaparral,Scrub and Chaparral,0.6383384057378858
8729a6b36ffffff,Chaparral,Scrub and Chaparral,0.5793051942393743
8729a6b40ffffff,Riparian,"Grasslands, Vernal Pools, Meadows, and Other Herb Communities",0.8687243848648987
8729a6b41ffffff,Mixed,Scrub and Chaparral,0.5199518808601331
8729a6b42ffffff,Riparian,"Grasslands, Vernal Pools, Meadows, and Other Herb Communities",0.9953030669808977
8729a6b43ffffff,Riparian,"Grasslands, Vernal Pools, Meadows, and Other Herb Communities",0.7856010944439864
8729a6b44ffffff,Riparian,"Grasslands, Vernal Pools, Meadows, and Other Herb Communities",0.7976932453687045
8729a6b45ffffff,Mixed,Riparian and Bottomland Habitat,0.3998639935344796
8729a6b46ffffff,Riparian,"Grasslands, Vernal Pools, Meadows, and Other Herb Communities",0.9338650536043235
8729a6b48ffffff,Mixed,Scrub and Chaparral,0.4034349085140028
8729a6b49ffffff,Mixed,Scrub and Chaparral,0.4182760394009828
8729a6b4affffff,Mixed,Scrub and Chaparral,0.5279204251192285
8729a6b4bffffff,Chaparral,Scrub and Chaparral,0.8857607904907799
8729a6b4cffffff,Chaparral,Scrub and Chaparral,0.5829875232366581
8729a6b4dffffff,Other,Forest,0.6873970321316798
8729a6b4effffff,Mixed,Scrub and Chaparral,0.43985719176473376
8729a6b50ffffff,Riparian,"Grasslands, Vernal Pools, Meadows, and Other Herb Communities",0.9237042520855392
8729a6b51ffffff,Riparian,"Grasslands, Vernal Pools, Meadows, and Other Herb Communities",0.8404817413550772
8729a6b52ffffff,Mixed,Scrub and Chaparral,0.5253526457280707
8729a6b53ffffff,Mixed,"Grasslands, Vernal Pools, Meadows, and Other Herb Communities",0.484694329565594
8729a6b54ffffff,Riparian,"Grasslands, Vernal Pools, Meadows, and Other Herb Communities",0.6923464323925226
8729a6b55ffffff,Riparian,"Grasslands, Vernal Pools, Meadows, and Other Herb Communities",0.9009874708870298
8729a6b56ffffff,Riparian,"Grasslands, Vernal Pools, Meadows, and Other Herb Communities",0.8635456346245006
8729a6b58ffffff,Chaparral,Scrub and Chaparral,0.7525908065764079
8729a6b59ffffff,Chaparral,Scrub and Chaparral,0.90589401857956
8729a6b5affffff,Mixed,"Grasslands, Vernal Pools, Meadows, and Other Herb Communities",0.390790569810806
8729a6b5bffffff,Chaparral,Scrub and Chaparral,0.7867248983808822
8729a6b5cffffff,Riparian,"Grasslands, Vernal Pools, Meadows, and Other Herb Communities",0.7827973899943471
8729a6b5dffffff,Riparian,"Grasslands, Vernal Pools, Meadows, and Other Herb Communities",0.622464329079042
8729a6b5effffff,Riparian,"Grasslands, Vernal Pools, Meadows, and Other Herb Communities",0.8527475711112515
8729a6b60ffffff,Other,Woodland,0.859750032036536
8729a6b61ffffff,Other,Woodland,0.6502103572306024
8729a6b62ffffff,Other,Woodland,0.6917752801815148
8729a6b63ffffff,Other,Woodland,0.702015422959646
8729a6b64ffffff,Mixed,Woodland,0.5002677940238822
8729a6b65ffffff,Other,Woodland,0.6313831308198636
8729a6b66ffffff,Other,Woodland,0.6203007991081055
8729a6b68ffffff,Other,Woodland,0.6409468943765164
8729a6b69ffffff,Chaparral,Scrub and Chaparral,0.7748346673251815
8729a6b6affffff,Chaparral,Scrub and Chaparral,0.6917249501653255
8729a6b6bffffff,Chaparral,Scrub and Chaparral,0.7779504778757517
8729a6b6cffffff,Other,Woodland,0.7763602438153516
8729a6b6dffffff,Mixed,Woodland,0.5383458781552267
8729a6b6effffff,Other,Woodland,0.8006741426477147
8729a6b70ffffff,Chaparral,Scrub and Chaparral,0.9596953507401932
8729a6b71ffffff,Mixed,Scrub and Chaparral,0.4392336230514317
8729a6b72ffffff,Chaparral,Scrub and Chaparral,0.6069368427563229
8729a6b73ffffff,Mixed,Scrub and Chaparral,0.46086252966232966
8729a6b74ffffff,Chaparral,Scrub and Chaparral,0.6410041246764666
8729a6b75ffffff,Mixed,Woodland,0.4381669182992007
8729a6b76ffffff,Chaparral,Scrub and Chaparral,0.626517999674411
8729a6b80ffffff,Chaparral,Scrub and Chaparral,0.8672753947660331
8729a6b81ffffff,Chaparral,Scrub and Chaparral,0.9761967861893454
8729a6b82ffffff,Mixed,Scrub and Chaparral,0.4438491190695737
8729a6b83ffffff,Chaparral,Scrub and Chaparral,0.6729210631236013
8729a6b84ffffff,Chaparral,Scrub and Chaparral,0.7932062228356437
8729a6b85ffffff,Chaparral,Scrub and Chaparral,0.8777268422293192
8729a6b86ffffff,Urban,Disturbed or Developed Areas,0.5730645413601989
8729a6b88ffffff,Chaparral,Scrub and Chaparral,0.9889691551365924
8729a6b89ffffff,Chaparral,Scrub and Chaparral,0.9709910098474265
8729a6b8affffff,Chaparral,Scrub and Chaparral,0.9993940649316743
8729a6b8bffffff,Chaparral,Scrub and Chaparral,1.0
8729a6b8cffffff,Chaparral,Scrub and Chaparral,0.9971108652640674
8729a6b8dffffff,Chaparral,Scrub and Chaparral,0.9864129018068496
8729a6b8effffff,Chaparral,Scrub and Chaparral,0.9947908139249095
8729a6b90ffffff,Chaparral,Scrub and Chaparral,0.9172956852350169
8729a6b91ffffff,Chaparral,Scrub and Chaparral,0.6048820635436613
8729a6b92ffffff,Chaparral,Scrub and Chaparral,0.9856288533629153
8729a6b93ffffff,Chaparral,Scrub and Chaparral,0.5857713313502434
8729a6b94ffffff,Riparian,Riparian and Bottomland Habitat,0.6720341356180292
8729a6b95ffffff,Chaparral,Scrub and Chaparral,0.6112323821712705
8729a6b96ffffff,Chaparral,Scrub and Chaparral,0.805179132574614
8729a6b98ffffff,Other,Agriculture,0.8411305631389754
8729a6b99ffffff,Chaparral,Scrub and Chaparral,0.8366589569850112
8729a6b9affffff,Mixed,Scrub and Chaparral,0.5423111774168535
8729a6b9bffffff,Chaparral,Scrub and Chaparral,0.6220634292582055
8729a6b9cffffff,Mixed,Agriculture,0.5366775178807051
8729a6b9dffffff,Chaparral,Scrub and Chaparral,0.8212094827931444
8729a6b9effffff,Mixed,Agriculture,0.48680925586099266
8729a6ba0ffffff,Chaparral,Scrub and Chaparral,0.8334537864306605
8729a6ba1ffffff,Chaparral,Scrub and Chaparral,0.9818136820603319
8729a6ba2ffffff,Chaparral,Scrub and Chaparral,0.9935790649851943
8729a6ba3ffffff,Chaparral,Scrub and Chaparral,0.935830409031256
8729a6ba4ffffff,Chaparral,Scrub and Chaparral,0.6961645248351868
8729a6ba5ffffff,Chaparral,Scrub and Chaparral,0.9891080733253137
8729a6ba6ffffff,Chaparral,Scrub and Chaparral,0.8860509783211464
8729a6ba8ffffff,Chaparral,Scrub and Chaparral,0.9118931475038381
8729a6ba9ffffff,Chaparral,Scrub and Chaparral,0.9336889646923987
8729a6baaffffff,Chaparral,Scrub and Chaparral,0.9681391327097019
8729a6babffffff,Chaparral,Scrub and Chaparral,0.8691574044300755
8729a6bacffffff,Chaparral,Scrub and Chaparral,0.9794101081761794
8729a6badffffff,Chaparral,Scrub and Chaparral,0.9816003376567359
8729a6baeffffff,Chaparral,Scrub and Chaparral,0.9948996052371677
8729a6bb0ffffff,Chaparral,Scrub and Chaparral,0.8588826770553238
8729a6bb1ffffff,Chaparral,Scrub and Chaparral,0.8191466150774889
8729a6bb2ffffff,Mixed,Scrub and Chaparral,0.5075561416028953
8729a6bb3ffffff,Chaparral,Scrub and Chaparral,0.5820071866520319
8729a6bb4ffffff,Chaparral,Scrub and Chaparral,0.9955134489807129
8729a6bb5ffffff,Chaparral,Scrub and Chaparral,1.0
8729a6bb6ffffff,Chaparral,Scrub and Chaparral,0.6956436591006249
874859200ffffff,Chaparral,Scrub and Chaparral,0.8761237938729384
874859201ffffff,Chaparral,Scrub and Chaparral,0.9705278069663494
874859202ffffff,Chaparral,Scrub and Chaparral,0.9792092029433639
874859203ffffff,Chaparral,Scrub and Chaparral,0.9941276109767541
874859208ffffff,Chaparral,Scrub and Chaparral,0.8894284565436907
874859209ffffff,Chaparral,Scrub and Chaparral,0.7867713345754855
87485920affffff,Chaparral,Scrub and Chaparral,0.827768681575423
87485920bffffff,Chaparral,Scrub and Chaparral,0.9633013722146101
87485920cffffff,Chaparral,Scrub and Chaparral,0.7481060154690637
87485920dffffff,Mixed,Scrub and Chaparral,0.5187017968074016
87485920effffff,Chaparral,Scrub and Chaparral,0.7463784202320687
874859210ffffff,Chaparral,Scrub and Chaparral,0.8082640791703152
874859211ffffff,Chaparral,Scrub and Chaparral,0.8503847241909336
874859212ffffff,Chaparral,Scrub and Chaparral,0.9778676220139583
874859213ffffff,Chaparral,Scrub and Chaparral,0.8923056045781237
874859218ffffff,Chaparral,Scrub and Chaparral,0.7809626715380841
874859219ffffff,Chaparral,Scrub and Chaparral,0.9841714942972539
87485921affffff,Chaparral,Scrub and Chaparral,0.630933719962159
87485921bffffff,Chaparral,Scrub and Chaparral,0.8376151378169162
87485921cffffff,Chaparral,Scrub and Chaparral,0.9528537840407146
87485921dffffff,Chaparral,Scrub and Chaparral,0.8821491097334785
87485921effffff,Chaparral,Scrub and Chaparral,0.8637667571142947
874859229ffffff,Chaparral,Scrub and Chaparral,0.9575814657801104
87485922affffff,Chaparral,Scrub and Chaparral,0.9651898739273628
87485922bffffff,Chaparral,Scrub and Chaparral,0.6821223307363665
874859240ffffff,Chaparral,Scrub and Chaparral,0.9676456061733405
874859241ffffff,Chaparral,Scrub and Chaparral,0.9764567145407111
874859242ffffff,Mixed,Scrub and Chaparral,0.5456485394264833
874859243ffffff,Chaparral,Scrub and Chaparral,0.9824941452971139
874859244ffffff,Chaparral,Scrub and Chaparral,0.963705473078685
874859245ffffff,Chaparral,Scrub and Chaparral,0.9669131224612105
874859246ffffff,Chaparral,Scrub and Chaparral,0.9151180648620455
874859248ffffff,Chaparral,Scrub and Chaparral,0.9362774904270226
874859249ffffff,Chaparral,Scrub and Chaparral,0.9279503831676552
87485924affffff,Chaparral,Scrub and Chaparral,1.0
87485924bffffff,Chaparral,Scrub and Chaparral,0.974738047857128
87485924cffffff,Chaparral,Scrub and Chaparral,0.9607013540545808
87485924dffffff,Chaparral,Scrub and Chaparral,0.837099500596712
87485924effffff,Chaparral,Scrub and Chaparral,0.931076916938624
874859250ffffff,Chaparral,Scrub and Chaparral,0.900361794571287
874859251ffffff,Mixed,"Grasslands, Vernal Pools, Meadows, and Other Herb Communities",0.39357892185057214
874859252ffffff,Chaparral,Scrub and Chaparral,0.7672784452359692
874859253ffffff,Other,Woodland,0.5678682790111712
874859254ffffff,Chaparral,Scrub and Chaparral,0.790578072966157
874859255ffffff,Chaparral,Scrub and Chaparral,0.6837590649675983
874859256ffffff,Chaparral,Scrub and Chaparral,0.8979650426859055
874859258ffffff,Chaparral,Scrub and Chaparral,0.8612204937394958
874859259ffffff,Chaparral,Scrub and Chaparral,0.8577184837073333
87485925affffff,Chaparral,Scrub and Chaparral,0.9487290450133798
87485925bffffff,Chaparral,Scrub and Chaparral,0.7125594567642615
87485925cffffff,Mixed,Scrub and Chaparral,0.48514521874645844
87485925dffffff,Chaparral,Scrub and Chaparral,0.957852750759508
87485925effffff,Chaparral,Scrub and Chaparral,0.9627310710075754
874859260ffffff,Chaparral,Scrub and Chaparral,0.7147555641337956
874859261ffffff,Chaparral,Scrub and Chaparral,0.5838666424666487
874859262ffffff,Chaparral,Scrub and Chaparral,0.9688303831845512
874859263ffffff,Chaparral,Scrub and Chaparral,0.6140933424239104
874859264ffffff,Chaparral,Scrub and Chaparral,0.8958541851607349
874859265ffffff,Chaparral,Scrub and Chaparral,0.7070910348440036
874859266ffffff,Chaparral,Scrub and Chaparral,0.8500146880806391
874859268ffffff,Chaparral,Scrub and Chaparral,0.8880142337120258
874859269ffffff,Chaparral,Scrub and Chaparral,0.9437234077203459
87485926affffff,Chaparral,Scrub and Chaparral,0.8276828370506883
87485926bffffff,Chaparral,Scrub and Chaparral,0.9002011590190988
87485926cffffff,Chaparral,Scrub and Chaparral,0.7700096558229672
87485926dffffff,Chaparral,Scrub and Chaparral,0.9183865401622812
87485926effffff,Chaparral,Scrub and Chaparral,0.6790778203389841
874859270ffffff,Chaparral,Scrub and Chaparral,0.8786745551427638
874859271ffffff,Chaparral,Scrub and Chaparral,0.9423425114064272
874859272ffffff,Mixed,Scrub and Chaparral,0.48597627091799034
874859273ffffff,Chaparral,Scrub and Chaparral,0.7863923636204272
874859274ffffff,Chaparral,Scrub and Chaparral,0.9130594071857489
874859275ffffff,Chaparral,Scrub and Chaparral,0.9716417229021355
874859276ffffff,Chaparral,Scrub and Chaparral,0.7251493530286609
874859280ffffff,Chaparral,Scrub and Chaparral,0.9492176682130755
874859281ffffff,Chaparral,Scrub and Chaparral,0.9941359734988888
874859282ffffff,Chaparral,Scrub and Chaparral,0.9201887514604072
874859283ffffff,Chaparral,Scrub and Chaparral,0.9982748590385927
874859284ffffff,Chaparral,Scrub and Chaparral,0.8695824292185974
874859285ffffff,Chaparral,Scrub and Chaparral,0.7742075019575309
874859286ffffff,Chaparral,Scrub and Chaparral,0.9148737522959137
874859288ffffff,Chaparral,Scrub and Chaparral,0.9709759412815929
874859289ffffff,Chaparral,Scrub and Chaparral,0.9052830386169711
87485928affffff,Chaparral,Scrub and Chaparral,0.9915404741836633
87485928bffffff,Chaparral,Scrub and Chaparral,0.9796160192775943
87485928cffffff,Chaparral,Scrub and Chaparral,0.8770077762197842
87485928dffffff,Chaparral,Scrub and Chaparral,0.8018261786113711
87485928effffff,Chaparral,Scrub and Chaparral,0.9892216736640828
874859290ffffff,Chaparral,Scrub and Chaparral,0.9431930407554117
874859291ffffff,Chaparral,Scrub and Chaparral,0.9522272459119272
874859292ffffff,Chaparral,Scrub and Chaparral,1.0
874859293ffffff,Chaparral,Scrub and Chaparral,0.9978728321309144
874859294ffffff,Mixed,Scrub and Chaparral,0.5395838451747631
874859295ffffff,Mixed,Woodland,0.5090977489326993
874859296ffffff,Chaparral,Scrub and Chaparral,0.9858154644815058
874859298ffffff,Chaparral,Scrub and Chaparral,0.9378061677237123
874859299ffffff,Chaparral,Scrub and Chaparral,0.9674311524135596
87485929affffff,Chaparral,Scrub and Chaparral,0.9726199818116533
87485929bffffff,Chaparral,Scrub and Chaparral,0.9919999319750787
87485929cffffff,Chaparral,Scrub and Chaparral,0.9306455201094639
87485929dffffff,Chaparral,Scrub and Chaparral,0.9982608799790611
87485929effffff,Chaparral,Scrub and Chaparral,0.9109091235814851
8748592a0ffffff,Chaparral,Scrub and Chaparral,0.9825557951416638
8748592a1ffffff,Chaparral,Scrub and Chaparral,0.8409943572660598
8748592a2ffffff,Chaparral,Scrub and Chaparral,0.9658805189088308
8748592a3ffffff,Chaparral,Scrub and Chaparral,0.9574202370909172
8748592a5ffffff,Chaparral,Scrub and Chaparral,0.9685922968064832
8748592a6ffffff,Chaparral,Scrub and Chaparral,0.986163935648247
8748592a8ffffff,Chaparral,Scrub and Chaparral,0.7232369310340769
8748592a9ffffff,Chaparral,Scrub and Chaparral,0.8084600894477911
8748592aaffffff,Chaparral,Scrub and Chaparral,0.8029285652908654
8748592abffffff,Chaparral,Scrub and Chaparral,0.6404390062093928
8748592acffffff,Chaparral,Scrub and Chaparral,0.7671055751510015
8748592adffffff,Chaparral,Scrub and Chaparral,0.8674840807922711
8748592aeffffff,Chaparral,Scrub and Chaparral,0.858701739982407
8748592b0ffffff,Chaparral,Scrub and Chaparral,0.8033184503104123
8748592b1ffffff,Chaparral,Scrub and Chaparral,0.7836694061447443
8748592b2ffffff,Chaparral,Scrub and Chaparral,0.940603055851661
8748592b3ffffff,Chaparral,Scrub and Chaparral,0.7894856198859908
8748592b5ffffff,Chaparral,Scrub and Chaparral,0.850315823669284
8748592b6ffffff,Chaparral,Scrub and Chaparral,0.8997969249936405
8748592c0ffffff,Chaparral,Scrub and Chaparral,0.9604977926845398
8748592c1ffffff,Chaparral,Scrub and Chaparral,0.8797096347774382
8748592c2ffffff,Chaparral,Scrub and Chaparral,0.9970875235517733
8748592c3ffffff,Chaparral,Scrub and Chaparral,0.8976245669811123
8748592c4ffffff,Chaparral,Scrub and Chaparral,0.9615349519483597
8748592c5ffffff,Chaparral,Scrub and Chaparral,0.7940363266404836
8748592c6ffffff,Chaparral,Scrub and Chaparral,0.8927763068937972
8748592c8ffffff,Chaparral,Scrub and Chaparral,0.8207646544448679
8748592c9ffffff,Chaparral,Scrub and Chaparral,0.7552086149948312
8748592caffffff,Chaparral,Scrub and Chaparral,0.8774560235718123
8748592cbffffff,Mixed,Forest,0.5218679464132303
8748592ccffffff,Chaparral,Scrub and Chaparral,0.8716369741253739
8748592cdffffff,Chaparral,Scrub and Chaparral,0.8802800481551133
8748592ceffffff,Chaparral,Scrub and Chaparral,0.9078201323293815
8748592d0ffffff,Chaparral,Scrub and Chaparral,0.9962271341183788
8748592d1ffffff,Chaparral,Scrub and Chaparral,0.9454468798616892
8748592d2ffffff,Chaparral,Scrub and Chaparral,0.9750773586832678
8748592d3ffffff,Chaparral,Scrub and Chaparral,0.958361050662213
8748592d4ffffff,Chaparral,Scrub and Chaparral,0.9026738414330084
8748592d5ffffff,Chaparral,Scrub and Chaparral,0.8857115974052339
8748592d6ffffff,Chaparral,Scrub and Chaparral,1.0
8748592d8ffffff,Chaparral,Scrub and Chaparral,0.8857994527605394
8748592d9ffffff,Chaparral,Scrub and Chaparral,0.9558380010377225
8748592daffffff,Chaparral,Scrub and Chaparral,0.9964406972497928
8748592dbffffff,Chaparral,Scrub and Chaparral,0.9951997650512396
8748592dcffffff,Chaparral,Scrub and Chaparral,0.99430610335063
8748592ddffffff,Chaparral,Scrub and Chaparral,0.7603584793547995
8748592deffffff,Chaparral,Scrub and Chaparral,0.9700894950651385
8748592e0ffffff,Chaparral,Scrub and Chaparral,0.9949112807901392
8748592e1ffffff,Chaparral,Scrub and Chaparral,0.9131015073960385
8748592e2ffffff,Chaparral,Scrub and Chaparral,0.9064719400185377
8748592e3ffffff,Chaparral,Scrub and Chaparral,0.7752074748727508
8748592e4ffffff,Chaparral,Scrub and Chaparral,0.8331831298179144
8748592e5ffffff,Chaparral,Scrub and Chaparral,0.9606840073115352
8748592e6ffffff,Chaparral,Scrub and Chaparral,0.904209930020905
8748592e8ffffff,Chaparral,Scrub and Chaparral,0.9951580608928909
8748592e9ffffff,Chaparral,Scrub and Chaparral,0.7534538423407732
8748592eaffffff,Chaparral,Scrub and Chaparral,0.968457397556813
8748592ebffffff,Chaparral,Scrub and Chaparral,0.9913849645958469
8748592ecffffff,Chaparral,Scrub and Chaparral,0.6105187456059756
8748592edffffff,Mixed,Scrub and Chaparral,0.3700132936009017
8748592eeffffff,Chaparral,Scrub and Chaparral,0.8723923729451036
8748592f0ffffff,Chaparral,Scrub and Chaparral,0.9412112530995181
8748592f1ffffff,Chaparral,Scrub and Chaparral,0.9245797892487416
8748592f2ffffff,Chaparral,Scrub and Chaparral,0.870523104907322
8748592f3ffffff,Chaparral,Scrub and Chaparral,0.9718880733504367
8748592f4ffffff,Chaparral,Scrub and Chaparral,0.8610049097760367
8748592f5ffffff,Chaparral,Scrub and Chaparral,0.8746315781624422
8748592f6ffffff,Chaparral,Scrub and Chaparral,0.7899277652984232
87485934bffffff,Chaparral,Scrub and Chaparral,0.7723140729617771
874859359ffffff,Chaparral,Scrub and Chaparral,0.7774339641501805
87485935bffffff,Chaparral,Scrub and Chaparral,0.9421811947507632
874859649ffffff,Chaparral,Scrub and Chaparral,0.7267231486083237
87485964dffffff,Chaparral,Scrub and Chaparral,0.956028803321372
874859668ffffff,Chaparral,Scrub and Chaparral,1.0
874859669ffffff,Chaparral,Scrub and Chaparral,1.0
87485966bffffff,Chaparral,Scrub and Chaparral,0.980405471618278
87485966cffffff,Chaparral,Scrub and Chaparral,1.0
87485966dffffff,Chaparral,Scrub and Chaparral,0.9986790907918168
874859749ffffff,Chaparral,Scrub and Chaparral,0.8390358306958845
87485974dffffff,Chaparral,Scrub and Chaparral,0.6782802012777569
